model,run,case_id,rank,predicted_diagnosis,predicted_code,reference_diagnosis
DeepSeek-V3.2,run1,17,1,"Schizoaffective Disorder, Bipolar Type",F25.0,Schizoaffective disorder
DeepSeek-V3.2,run1,17,2,Schizophrenia,F20.9,Schizoaffective disorder
DeepSeek-V3.2,run1,17,3,"Cannabis Use Disorder, Moderate",F12.20,Schizoaffective disorder
DeepSeek-V3.2,run1,17,4,Other Specified Trauma- and Stressor-Related Disorder,F43.8,Schizoaffective disorder
DeepSeek-V3.2,run1,17,5,Unspecified Catatonia,F06.1,Schizoaffective disorder
DeepSeek-V3.2,run2,17,1,"Schizoaffective Disorder, Bipolar Type",F25.0,Schizoaffective disorder
DeepSeek-V3.2,run2,17,2,"Cannabis Use Disorder, Moderate",F12.20,Schizoaffective disorder
DeepSeek-V3.2,run2,17,3,Posttraumatic Stress Disorder,F43.10,Schizoaffective disorder
DeepSeek-V3.2,run2,17,4,Other Specified Schizophrenia Spectrum and Other Psychotic Disorder,F28,Schizoaffective disorder
DeepSeek-V3.2,run2,17,5,"Bipolar I Disorder, With Psychotic Features, Most Recent Episode Manic",F31.2,Schizoaffective disorder
DeepSeek-V3.2,run1,23,1,Medication-Induced Psychotic Disorder,F06.2,Levetiracetam-induced acute psychosis
DeepSeek-V3.2,run1,23,2,Psychotic Disorder Due to Another Medical Condition,F06.0,Levetiracetam-induced acute psychosis
DeepSeek-V3.2,run1,23,3,Social Anxiety Disorder,F40.10,Levetiracetam-induced acute psychosis
DeepSeek-V3.2,run1,23,4,Adjustment Disorder With Anxiety,F43.23,Levetiracetam-induced acute psychosis
DeepSeek-V3.2,run1,23,5,Unspecified Neurodevelopmental Disorder,F89,Levetiracetam-induced acute psychosis
DeepSeek-V3.2,run2,23,1,Substance/medication-induced psychotic disorder,F06.8,Levetiracetam-induced acute psychosis
DeepSeek-V3.2,run2,23,2,Anxiety disorder due to another medical condition,F06.4,Levetiracetam-induced acute psychosis
DeepSeek-V3.2,run2,23,3,Adjustment disorder with anxiety,F43.23,Levetiracetam-induced acute psychosis
DeepSeek-V3.2,run2,23,4,Brief psychotic disorder,F23,Levetiracetam-induced acute psychosis
DeepSeek-V3.2,run2,23,5,Schizophrenia,F20.9,Levetiracetam-induced acute psychosis
DeepSeek-V3.2,run1,32,1,Posttraumatic Stress Disorder,F43.10,"Autism Spectrum Disorder, Major Depressive Disorder (MDD), Unspecified Anxiety Disorder, and Posttraumatic Stress Disorder (PTSD)"
DeepSeek-V3.2,run1,32,2,Borderline Personality Disorder,F60.3,"Autism Spectrum Disorder, Major Depressive Disorder (MDD), Unspecified Anxiety Disorder, and Posttraumatic Stress Disorder (PTSD)"
DeepSeek-V3.2,run1,32,3,Intermittent Explosive Disorder,F63.81,"Autism Spectrum Disorder, Major Depressive Disorder (MDD), Unspecified Anxiety Disorder, and Posttraumatic Stress Disorder (PTSD)"
DeepSeek-V3.2,run1,32,4,Persistent Depressive Disorder,F34.1,"Autism Spectrum Disorder, Major Depressive Disorder (MDD), Unspecified Anxiety Disorder, and Posttraumatic Stress Disorder (PTSD)"
DeepSeek-V3.2,run1,32,5,Adjustment Disorder with disturbance of emotions and conduct,F43.24,"Autism Spectrum Disorder, Major Depressive Disorder (MDD), Unspecified Anxiety Disorder, and Posttraumatic Stress Disorder (PTSD)"
DeepSeek-V3.2,run2,32,1,Borderline Personality Disorder,F60.3,"Autism Spectrum Disorder, Major Depressive Disorder (MDD), Unspecified Anxiety Disorder, and Posttraumatic Stress Disorder (PTSD)"
DeepSeek-V3.2,run2,32,2,Post-Traumatic Stress Disorder,F43.10,"Autism Spectrum Disorder, Major Depressive Disorder (MDD), Unspecified Anxiety Disorder, and Posttraumatic Stress Disorder (PTSD)"
DeepSeek-V3.2,run2,32,3,Intermittent Explosive Disorder,F63.81,"Autism Spectrum Disorder, Major Depressive Disorder (MDD), Unspecified Anxiety Disorder, and Posttraumatic Stress Disorder (PTSD)"
DeepSeek-V3.2,run2,32,4,Other Specified Dissociative Disorder,F44.89,"Autism Spectrum Disorder, Major Depressive Disorder (MDD), Unspecified Anxiety Disorder, and Posttraumatic Stress Disorder (PTSD)"
DeepSeek-V3.2,run2,32,5,Adjustment Disorder with mixed disturbance of emotions and conduct,F43.25,"Autism Spectrum Disorder, Major Depressive Disorder (MDD), Unspecified Anxiety Disorder, and Posttraumatic Stress Disorder (PTSD)"
DeepSeek-V3.2,run1,62,1,Functional Neurological Symptom Disorder,F44.5,Functional seizures.
DeepSeek-V3.2,run1,62,2,Panic Disorder,F41.0,Functional seizures.
DeepSeek-V3.2,run1,62,3,"Posttraumatic Stress Disorder, Chronic",F43.12,Functional seizures.
DeepSeek-V3.2,run1,62,4,Major Depressive Disorder,F33.9,Functional seizures.
DeepSeek-V3.2,run1,62,5,Other specified anxiety disorder,F41.8,Functional seizures.
DeepSeek-V3.2,run2,62,1,Functional Neurological Symptom Disorder  with Attacks or Seizures,F44.5,Functional seizures.
DeepSeek-V3.2,run2,62,2,"Post-Traumatic Stress Disorder, Chronic",F43.10,Functional seizures.
DeepSeek-V3.2,run2,62,3,Panic Disorder with Agoraphobia,F41.0,Functional seizures.
DeepSeek-V3.2,run2,62,4,Adjustment Disorder,F43.20,Functional seizures.
DeepSeek-V3.2,run2,62,5,Somatic Symptom Disorder,F45.1,Functional seizures.
DeepSeek-V3.2,run1,80,1,"Intellectual Developmental Disorder, Severe, Associated with Kleefstra Syndrome",F72,"1. Intellectual developmental disorder (intellectual disability), severe
2. Autism spectrum disorder, with accompanying intellectual and language impairments, associated with Kleefstra syndrome"
DeepSeek-V3.2,run1,80,2,Autism Spectrum Disorder,F84.0,"1. Intellectual developmental disorder (intellectual disability), severe
2. Autism spectrum disorder, with accompanying intellectual and language impairments, associated with Kleefstra syndrome"
DeepSeek-V3.2,run1,80,3,Disruptive Mood Dysregulation Disorder,F34.8,"1. Intellectual developmental disorder (intellectual disability), severe
2. Autism spectrum disorder, with accompanying intellectual and language impairments, associated with Kleefstra syndrome"
DeepSeek-V3.2,run1,80,4,Unspecified Depressive Disorder,F32.9,"1. Intellectual developmental disorder (intellectual disability), severe
2. Autism spectrum disorder, with accompanying intellectual and language impairments, associated with Kleefstra syndrome"
DeepSeek-V3.2,run1,80,5,"Other Specified Disruptive, Impulse-Control, and Conduct Disorder",F91.8,"1. Intellectual developmental disorder (intellectual disability), severe
2. Autism spectrum disorder, with accompanying intellectual and language impairments, associated with Kleefstra syndrome"
DeepSeek-V3.2,run2,80,1,"Intellectual Developmental Disorder, Severe",F72,"1. Intellectual developmental disorder (intellectual disability), severe
2. Autism spectrum disorder, with accompanying intellectual and language impairments, associated with Kleefstra syndrome"
DeepSeek-V3.2,run2,80,2,Autism Spectrum Disorder,F84.0,"1. Intellectual developmental disorder (intellectual disability), severe
2. Autism spectrum disorder, with accompanying intellectual and language impairments, associated with Kleefstra syndrome"
DeepSeek-V3.2,run2,80,3,Depressive Disorder Due to Another Medical Condition,F06.31,"1. Intellectual developmental disorder (intellectual disability), severe
2. Autism spectrum disorder, with accompanying intellectual and language impairments, associated with Kleefstra syndrome"
DeepSeek-V3.2,run2,80,4,"Other Specified Disruptive, Impulse-Control, and Conduct Disorder",F91.8,"1. Intellectual developmental disorder (intellectual disability), severe
2. Autism spectrum disorder, with accompanying intellectual and language impairments, associated with Kleefstra syndrome"
DeepSeek-V3.2,run2,80,5,Unspecified Anxiety Disorder,F41.9,"1. Intellectual developmental disorder (intellectual disability), severe
2. Autism spectrum disorder, with accompanying intellectual and language impairments, associated with Kleefstra syndrome"
DeepSeek-V3.2,run1,85,1,"Schizophrenia, Paranoid Type, Treatment-Resistant",F20.0,"Schizophrenia, multiple episodes, currently in acute episode"
DeepSeek-V3.2,run1,85,2,"Intellectual Disability , Severity Unspecified",F79,"Schizophrenia, multiple episodes, currently in acute episode"
DeepSeek-V3.2,run1,85,3,"Other Specified Disruptive, Impulse-Control, and Conduct Disorder",F91.8,"Schizophrenia, multiple episodes, currently in acute episode"
DeepSeek-V3.2,run1,85,4,"Adjustment Disorder, With Disturbance of Conduct",F43.24,"Schizophrenia, multiple episodes, currently in acute episode"
DeepSeek-V3.2,run1,85,5,"Attention-Deficit/Hyperactivity Disorder, Predominantly Inattentive Presentation",F90.0,"Schizophrenia, multiple episodes, currently in acute episode"
DeepSeek-V3.2,run2,85,1,"Schizophrenia, Paranoid Type, Childhood-Onset, Treatment-Resistant",F20.0,"Schizophrenia, multiple episodes, currently in acute episode"
DeepSeek-V3.2,run2,85,2,"Unspecified Disruptive, Impulse-Control, and Conduct Disorder",F63.9,"Schizophrenia, multiple episodes, currently in acute episode"
DeepSeek-V3.2,run2,85,3,Unspecified Anxiety Disorder,F41.9,"Schizophrenia, multiple episodes, currently in acute episode"
DeepSeek-V3.2,run2,85,4,Unspecified Intellectual Disability,F79,"Schizophrenia, multiple episodes, currently in acute episode"
DeepSeek-V3.2,run2,85,5,Unspecified Neurodevelopmental Disorder,F89,"Schizophrenia, multiple episodes, currently in acute episode"
DeepSeek-V3.2,run1,94,1,"Bipolar II disorder, current episode depressed, severe",F33.4,"1. Bipolar II disorder, current episode depressed; high level of concern about suicide
2. Unspecified anxiety disorder"
DeepSeek-V3.2,run1,94,2,"Major depressive disorder, single episode, severe with mood-congruent psychotic features",F32.3,"1. Bipolar II disorder, current episode depressed; high level of concern about suicide
2. Unspecified anxiety disorder"
DeepSeek-V3.2,run1,94,3,Borderline personality disorder,F60.3,"1. Bipolar II disorder, current episode depressed; high level of concern about suicide
2. Unspecified anxiety disorder"
DeepSeek-V3.2,run1,94,4,Other specified dissociative disorder,F44.89,"1. Bipolar II disorder, current episode depressed; high level of concern about suicide
2. Unspecified anxiety disorder"
DeepSeek-V3.2,run1,94,5,Panic disorder,F41.0,"1. Bipolar II disorder, current episode depressed; high level of concern about suicide
2. Unspecified anxiety disorder"
DeepSeek-V3.2,run2,94,1,"Bipolar II Disorder, Current Episode Depressed, Severe",F31.4,"1. Bipolar II disorder, current episode depressed; high level of concern about suicide
2. Unspecified anxiety disorder"
DeepSeek-V3.2,run2,94,2,"Major Depressive Disorder, Single Episode, Severe, With Suicidal Ideation",F32.2,"1. Bipolar II disorder, current episode depressed; high level of concern about suicide
2. Unspecified anxiety disorder"
DeepSeek-V3.2,run2,94,3,Borderline Personality Disorder,F60.3,"1. Bipolar II disorder, current episode depressed; high level of concern about suicide
2. Unspecified anxiety disorder"
DeepSeek-V3.2,run2,94,4,Panic Disorder,F41.0,"1. Bipolar II disorder, current episode depressed; high level of concern about suicide
2. Unspecified anxiety disorder"
DeepSeek-V3.2,run2,94,5,"Cannabis Use Disorder, In Sustained Remission",F12.21,"1. Bipolar II disorder, current episode depressed; high level of concern about suicide
2. Unspecified anxiety disorder"
DeepSeek-V3.2,run1,97,1,"Bipolar I Disorder, Current Episode Manic with Psychotic Features",F31.2,"Bipolar and related disorder due to HIV infection, with manic features"
DeepSeek-V3.2,run1,97,2,"Substance/Medication-Induced Bipolar and Related Disorder, With manic features",F19.94,"Bipolar and related disorder due to HIV infection, with manic features"
DeepSeek-V3.2,run1,97,3,Major Neurocognitive Disorder Due to HIV Disease,F02.84,"Bipolar and related disorder due to HIV infection, with manic features"
DeepSeek-V3.2,run1,97,4,"Major Depressive Disorder, Single Episode, In Full Remission",F32.5,"Bipolar and related disorder due to HIV infection, with manic features"
DeepSeek-V3.2,run1,97,5,"Stimulant Use Disorder, In Sustained Remission",F15.21,"Bipolar and related disorder due to HIV infection, with manic features"
DeepSeek-V3.2,run2,97,1,"Bipolar I Disorder, Current Episode Manic, Severe",F31.13,"Bipolar and related disorder due to HIV infection, with manic features"
DeepSeek-V3.2,run2,97,2,"Stimulant Use Disorder, Methamphetamine, in Early Remission",F15.21,"Bipolar and related disorder due to HIV infection, with manic features"
DeepSeek-V3.2,run2,97,3,"Alcohol Use Disorder, Mild",F10.10,"Bipolar and related disorder due to HIV infection, with manic features"
DeepSeek-V3.2,run2,97,4,"Major Depressive Disorder, Single Episode, In Partial Remission",F32.4,"Bipolar and related disorder due to HIV infection, with manic features"
DeepSeek-V3.2,run2,97,5,"HIV-Related Neurocognitive Disorder, Mild",F02.80,"Bipolar and related disorder due to HIV infection, with manic features"
DeepSeek-V3.2,run1,99,1,"Bipolar I Disorder, current episode manic, severe with psychotic features, with peripartum onset",F31.2,"Bipolar I disorder, current episode manic, severe, with psychotic features, with peripartum onset"
DeepSeek-V3.2,run1,99,2,"Major Depressive Disorder, recurrent, in remission",F33.4,"Bipolar I disorder, current episode manic, severe, with psychotic features, with peripartum onset"
DeepSeek-V3.2,run1,99,3,Brief Psychotic Disorder,F23,"Bipolar I disorder, current episode manic, severe, with psychotic features, with peripartum onset"
DeepSeek-V3.2,run1,99,4,"Schizoaffective Disorder, Bipolar Type",F25.0,"Bipolar I disorder, current episode manic, severe, with psychotic features, with peripartum onset"
DeepSeek-V3.2,run1,99,5,Other Specified Schizophrenia Spectrum and Other Psychotic Disorder,F28,"Bipolar I disorder, current episode manic, severe, with psychotic features, with peripartum onset"
DeepSeek-V3.2,run2,99,1,"Bipolar I Disorder, current episode manic, with psychotic features, with peripartum onset",F31.2,"Bipolar I disorder, current episode manic, severe, with psychotic features, with peripartum onset"
DeepSeek-V3.2,run2,99,2,"Brief Psychotic Disorder, with peripartum onset",F23,"Bipolar I disorder, current episode manic, severe, with psychotic features, with peripartum onset"
DeepSeek-V3.2,run2,99,3,"Schizoaffective Disorder, bipolar type",F25.0,"Bipolar I disorder, current episode manic, severe, with psychotic features, with peripartum onset"
DeepSeek-V3.2,run2,99,4,"Major Depressive Disorder, with psychotic features, with peripartum onset",F32.3,"Bipolar I disorder, current episode manic, severe, with psychotic features, with peripartum onset"
DeepSeek-V3.2,run2,99,5,Other Specified Schizophrenia Spectrum and Other Psychotic Disorder,F28,"Bipolar I disorder, current episode manic, severe, with psychotic features, with peripartum onset"
DeepSeek-V3.2,run1,104,1,"Major depressive disorder, single episode, severe with mood-congruent psychotic features",F32.3,"Major depressive disorder, single episode, moderate, with psychotic features"
DeepSeek-V3.2,run1,104,2,Other specified anxiety disorder,F41.8,"Major depressive disorder, single episode, moderate, with psychotic features"
DeepSeek-V3.2,run1,104,3,"Alcohol use disorder, mild",F10.10,"Major depressive disorder, single episode, moderate, with psychotic features"
DeepSeek-V3.2,run1,104,4,Unspecified insomnia disorder,F51.09,"Major depressive disorder, single episode, moderate, with psychotic features"
DeepSeek-V3.2,run1,104,5,Unspecified feeding or eating disorder,F50.9,"Major depressive disorder, single episode, moderate, with psychotic features"
DeepSeek-V3.2,run2,104,1,"Major Depressive Disorder, Single Episode, Severe With Psychotic Features",F32.3,"Major depressive disorder, single episode, moderate, with psychotic features"
DeepSeek-V3.2,run2,104,2,"Bipolar Disorder, Current Episode Depressed, Severe With Psychotic Features",F31.5,"Major depressive disorder, single episode, moderate, with psychotic features"
DeepSeek-V3.2,run2,104,3,"Schizoaffective Disorder, Depressive Type",F25.1,"Major depressive disorder, single episode, moderate, with psychotic features"
DeepSeek-V3.2,run2,104,4,Delusional Disorder,F22,"Major depressive disorder, single episode, moderate, with psychotic features"
DeepSeek-V3.2,run2,104,5,Adjustment Disorder With Depressed Mood,F43.21,"Major depressive disorder, single episode, moderate, with psychotic features"
DeepSeek-V3.2,run1,108,1,"Cocaine Use Disorder, Severe",F14.20,"1. Cocaine use disorder, moderate
2. Substance (cocaine)-induced depressive disorder"
DeepSeek-V3.2,run1,108,2,"Alcohol Use Disorder, Moderate",F10.20,"1. Cocaine use disorder, moderate
2. Substance (cocaine)-induced depressive disorder"
DeepSeek-V3.2,run1,108,3,Substance/Medication-Induced Depressive Disorder,F14.24,"1. Cocaine use disorder, moderate
2. Substance (cocaine)-induced depressive disorder"
DeepSeek-V3.2,run1,108,4,"Major Depressive Disorder, Single Episode, Moderate",F32.1,"1. Cocaine use disorder, moderate
2. Substance (cocaine)-induced depressive disorder"
DeepSeek-V3.2,run1,108,5,Other Specified Depressive Disorder,F32.89,"1. Cocaine use disorder, moderate
2. Substance (cocaine)-induced depressive disorder"
DeepSeek-V3.2,run2,108,1,"Cocaine Use Disorder, Severe",F14.20,"1. Cocaine use disorder, moderate
2. Substance (cocaine)-induced depressive disorder"
DeepSeek-V3.2,run2,108,2,"Alcohol Use Disorder, Moderate",F10.20,"1. Cocaine use disorder, moderate
2. Substance (cocaine)-induced depressive disorder"
DeepSeek-V3.2,run2,108,3,Substance/Medication-Induced Depressive Disorder,F14.24,"1. Cocaine use disorder, moderate
2. Substance (cocaine)-induced depressive disorder"
DeepSeek-V3.2,run2,108,4,"Major Depressive Disorder, Single Episode, Moderate",F32.1,"1. Cocaine use disorder, moderate
2. Substance (cocaine)-induced depressive disorder"
DeepSeek-V3.2,run2,108,5,Adjustment Disorder with Depressed Mood,F43.21,"1. Cocaine use disorder, moderate
2. Substance (cocaine)-induced depressive disorder"
DeepSeek-V3.2,run1,109,1,"Major Depressive Disorder, Single Episode, Moderate",F32.1,"1. Depressive disorder due to another medical condition (Parkinson’s disease), with major depressive–like episode
2. Rapid eye movement sleep behavior disorder"
DeepSeek-V3.2,run1,109,2,REM Sleep Behavior Disorder,F51.8,"1. Depressive disorder due to another medical condition (Parkinson’s disease), with major depressive–like episode
2. Rapid eye movement sleep behavior disorder"
DeepSeek-V3.2,run1,109,3,Mild Neurocognitive Disorder Due to Parkinson's Disease,F06.7,"1. Depressive disorder due to another medical condition (Parkinson’s disease), with major depressive–like episode
2. Rapid eye movement sleep behavior disorder"
DeepSeek-V3.2,run1,109,4,Depressive Disorder Due to Another Medical Condition,F06.31,"1. Depressive disorder due to another medical condition (Parkinson’s disease), with major depressive–like episode
2. Rapid eye movement sleep behavior disorder"
DeepSeek-V3.2,run1,109,5,Adjustment Disorder With Depressed Mood,F43.21,"1. Depressive disorder due to another medical condition (Parkinson’s disease), with major depressive–like episode
2. Rapid eye movement sleep behavior disorder"
DeepSeek-V3.2,run2,109,1,"Depressive Disorder Due to Parkinson's Disease, With Depressive Features",F06.31,"1. Depressive disorder due to another medical condition (Parkinson’s disease), with major depressive–like episode
2. Rapid eye movement sleep behavior disorder"
DeepSeek-V3.2,run2,109,2,Mild Neurocognitive Disorder Due to Parkinson's Disease,F06.7,"1. Depressive disorder due to another medical condition (Parkinson’s disease), with major depressive–like episode
2. Rapid eye movement sleep behavior disorder"
DeepSeek-V3.2,run2,109,3,Insomnia Disorder,F51.01,"1. Depressive disorder due to another medical condition (Parkinson’s disease), with major depressive–like episode
2. Rapid eye movement sleep behavior disorder"
DeepSeek-V3.2,run2,109,4,Other Specified Anxiety Disorder,F41.8,"1. Depressive disorder due to another medical condition (Parkinson’s disease), with major depressive–like episode
2. Rapid eye movement sleep behavior disorder"
DeepSeek-V3.2,run2,109,5,Adjustment Disorder With Depressed Mood,F43.21,"1. Depressive disorder due to another medical condition (Parkinson’s disease), with major depressive–like episode
2. Rapid eye movement sleep behavior disorder"
DeepSeek-V3.2,run1,115,1,Social Anxiety Disorder,F40.1,"1. Social anxiety disorder, severe
2. Posttraumatic stress disorder, moderate
3. Agoraphobia, severe"
DeepSeek-V3.2,run1,115,2,Agoraphobia,F40.00,"1. Social anxiety disorder, severe
2. Posttraumatic stress disorder, moderate
3. Agoraphobia, severe"
DeepSeek-V3.2,run1,115,3,"Major Depressive Disorder, Recurrent Episode, Moderate",F33.1,"1. Social anxiety disorder, severe
2. Posttraumatic stress disorder, moderate
3. Agoraphobia, severe"
DeepSeek-V3.2,run1,115,4,Posttraumatic Stress Disorder,F43.1,"1. Social anxiety disorder, severe
2. Posttraumatic stress disorder, moderate
3. Agoraphobia, severe"
DeepSeek-V3.2,run1,115,5,Non-Suicidal Self-Injury,R45.88,"1. Social anxiety disorder, severe
2. Posttraumatic stress disorder, moderate
3. Agoraphobia, severe"
DeepSeek-V3.2,run2,115,1,Social Anxiety Disorder,F40.10,"1. Social anxiety disorder, severe
2. Posttraumatic stress disorder, moderate
3. Agoraphobia, severe"
DeepSeek-V3.2,run2,115,2,Posttraumatic Stress Disorder,F43.10,"1. Social anxiety disorder, severe
2. Posttraumatic stress disorder, moderate
3. Agoraphobia, severe"
DeepSeek-V3.2,run2,115,3,Agoraphobia,F40.00,"1. Social anxiety disorder, severe
2. Posttraumatic stress disorder, moderate
3. Agoraphobia, severe"
DeepSeek-V3.2,run2,115,4,Persistent Depressive Disorder,F34.1,"1. Social anxiety disorder, severe
2. Posttraumatic stress disorder, moderate
3. Agoraphobia, severe"
DeepSeek-V3.2,run2,115,5,Other Specified Trauma- and Stressor-Related Disorder,F43.8,"1. Social anxiety disorder, severe
2. Posttraumatic stress disorder, moderate
3. Agoraphobia, severe"
DeepSeek-V3.2,run1,118,1,"Substance/medication-induced neurocognitive disorder, With onset during withdrawal or medication use",F06.7,"1. Alcohol use disorder, moderate, in early remission
2. Medication-induced anxiety disorder (steroids)"
DeepSeek-V3.2,run1,118,2,"Alcohol use disorder, Severe",F10.20,"1. Alcohol use disorder, moderate, in early remission
2. Medication-induced anxiety disorder (steroids)"
DeepSeek-V3.2,run1,118,3,Adjustment disorder with mixed anxiety and depressed mood,F43.23,"1. Alcohol use disorder, moderate, in early remission
2. Medication-induced anxiety disorder (steroids)"
DeepSeek-V3.2,run1,118,4,Mild neurocognitive disorder due to another medical condition,F06.71,"1. Alcohol use disorder, moderate, in early remission
2. Medication-induced anxiety disorder (steroids)"
DeepSeek-V3.2,run1,118,5,Unspecified anxiety disorder,F41.9,"1. Alcohol use disorder, moderate, in early remission
2. Medication-induced anxiety disorder (steroids)"
DeepSeek-V3.2,run2,118,1,Substance/Medication-Induced Anxiety Disorder,F19.980,"1. Alcohol use disorder, moderate, in early remission
2. Medication-induced anxiety disorder (steroids)"
DeepSeek-V3.2,run2,118,2,"Alcohol Use Disorder, Severe",F10.20,"1. Alcohol use disorder, moderate, in early remission
2. Medication-induced anxiety disorder (steroids)"
DeepSeek-V3.2,run2,118,3,Mild Neurocognitive Disorder Due to Hepatic Encephalopathy,F02.84,"1. Alcohol use disorder, moderate, in early remission
2. Medication-induced anxiety disorder (steroids)"
DeepSeek-V3.2,run2,118,4,"Sedative, Hypnotic, or Anxiolytic Withdrawal",F13.239,"1. Alcohol use disorder, moderate, in early remission
2. Medication-induced anxiety disorder (steroids)"
DeepSeek-V3.2,run2,118,5,Adjustment Disorder With Mixed Anxiety and Depressed Mood,F43.23,"1. Alcohol use disorder, moderate, in early remission
2. Medication-induced anxiety disorder (steroids)"
DeepSeek-V3.2,run1,155,1,Intermittent Explosive Disorder,F63.81,Intermittent explosive disorder
DeepSeek-V3.2,run1,155,2,Other Specified Personality Disorder,F60.89,Intermittent explosive disorder
DeepSeek-V3.2,run1,155,3,Unspecified Anxiety Disorder,F41.9,Intermittent explosive disorder
DeepSeek-V3.2,run1,155,4,Unspecified Depressive Disorder,F32.9,Intermittent explosive disorder
DeepSeek-V3.2,run1,155,5,"Other Specified Disruptive, Impulse-Control, and Conduct Disorder",F91.89,Intermittent explosive disorder
DeepSeek-V3.2,run2,155,1,Intermittent Explosive Disorder,F63.81,Intermittent explosive disorder
DeepSeek-V3.2,run2,155,2,"Other Specified Disruptive, Impulse-Control, and Conduct Disorder",F91.8,Intermittent explosive disorder
DeepSeek-V3.2,run2,155,3,"Unspecified Disruptive, Impulse-Control, and Conduct Disorder",F91.9,Intermittent explosive disorder
DeepSeek-V3.2,run2,155,4,Borderline Personality Disorder,F60.3,Intermittent explosive disorder
DeepSeek-V3.2,run2,155,5,Adjustment Disorder with Disturbance of Conduct,F43.24,Intermittent explosive disorder
DeepSeek-V3.2,run1,159,1,"Opioid Use Disorder, Severe",F11.20,"1. Opioid use disorder
2. Tobacco use disorder
3. Alcohol use disorder, in remission
4. Major depressive disorder"
DeepSeek-V3.2,run1,159,2,Other Specified Depressive Disorder,F32.89,"1. Opioid use disorder
2. Tobacco use disorder
3. Alcohol use disorder, in remission
4. Major depressive disorder"
DeepSeek-V3.2,run1,159,3,"Tobacco Use Disorder, Severe",F17.200,"1. Opioid use disorder
2. Tobacco use disorder
3. Alcohol use disorder, in remission
4. Major depressive disorder"
DeepSeek-V3.2,run1,159,4,"Alcohol Use Disorder, in sustained remission",F10.21,"1. Opioid use disorder
2. Tobacco use disorder
3. Alcohol use disorder, in remission
4. Major depressive disorder"
DeepSeek-V3.2,run1,159,5,"Major Depressive Disorder, Recurrent, In partial remission",F33.41,"1. Opioid use disorder
2. Tobacco use disorder
3. Alcohol use disorder, in remission
4. Major depressive disorder"
DeepSeek-V3.2,run2,159,1,"Opioid Use Disorder, Severe",F11.20,"1. Opioid use disorder
2. Tobacco use disorder
3. Alcohol use disorder, in remission
4. Major depressive disorder"
DeepSeek-V3.2,run2,159,2,"Depressive Disorder Due to Another Medical Condition, With Depressive Features , OR Substance/Medication-Induced Depressive Disorder",F06.31,"1. Opioid use disorder
2. Tobacco use disorder
3. Alcohol use disorder, in remission
4. Major depressive disorder"
DeepSeek-V3.2,run2,159,3,"Tobacco Use Disorder, Severe",F17.200,"1. Opioid use disorder
2. Tobacco use disorder
3. Alcohol use disorder, in remission
4. Major depressive disorder"
DeepSeek-V3.2,run2,159,4,"Alcohol Use Disorder, In sustained remission",F10.11,"1. Opioid use disorder
2. Tobacco use disorder
3. Alcohol use disorder, in remission
4. Major depressive disorder"
DeepSeek-V3.2,run2,159,5,"Major Depressive Disorder, Recurrent, In partial remission",F33.41,"1. Opioid use disorder
2. Tobacco use disorder
3. Alcohol use disorder, in remission
4. Major depressive disorder"
DeepSeek-V3.2,run1,169,1,Major Neurocognitive Disorder Due to Traumatic Brain Injury,F06.8,"1. Mild neurocognitive disorder due to traumatic brain injury, with behavioral disturbance
2. Alcohol use disorder"
DeepSeek-V3.2,run1,169,2,Alcohol Use Disorder,F10.20,"1. Mild neurocognitive disorder due to traumatic brain injury, with behavioral disturbance
2. Alcohol use disorder"
DeepSeek-V3.2,run1,169,3,Cannabis Use Disorder,F12.20,"1. Mild neurocognitive disorder due to traumatic brain injury, with behavioral disturbance
2. Alcohol use disorder"
DeepSeek-V3.2,run1,169,4,"Sedative, Hypnotic, or Anxiolytic Use Disorder",F13.20,"1. Mild neurocognitive disorder due to traumatic brain injury, with behavioral disturbance
2. Alcohol use disorder"
DeepSeek-V3.2,run1,169,5,Stimulant Use Disorder,F15.20,"1. Mild neurocognitive disorder due to traumatic brain injury, with behavioral disturbance
2. Alcohol use disorder"
DeepSeek-V3.2,run2,169,1,"Major Neurocognitive Disorder Due to Traumatic Brain Injury, With Behavioral Disturbance",F02.84,"1. Mild neurocognitive disorder due to traumatic brain injury, with behavioral disturbance
2. Alcohol use disorder"
DeepSeek-V3.2,run2,169,2,"Alcohol Use Disorder, Moderate to Severe",F10.20,"1. Mild neurocognitive disorder due to traumatic brain injury, with behavioral disturbance
2. Alcohol use disorder"
DeepSeek-V3.2,run2,169,3,"Stimulant Use Disorder, Moderate",F15.20,"1. Mild neurocognitive disorder due to traumatic brain injury, with behavioral disturbance
2. Alcohol use disorder"
DeepSeek-V3.2,run2,169,4,"Sedative, Hypnotic, or Anxiolytic Use Disorder, Moderate",F13.20,"1. Mild neurocognitive disorder due to traumatic brain injury, with behavioral disturbance
2. Alcohol use disorder"
DeepSeek-V3.2,run2,169,5,"Cannabis Use Disorder, Moderate",F12.20,"1. Mild neurocognitive disorder due to traumatic brain injury, with behavioral disturbance
2. Alcohol use disorder"
DeepSeek-V3.2,run1,178,1,"Sedative, Hypnotic, or Anxiolytic Use Disorder, Moderate",F13.20,"1. Dependent personality disorder
2. Benzodiazepine use disorder"
DeepSeek-V3.2,run1,178,2,Dependent Personality Disorder,F60.7,"1. Dependent personality disorder
2. Benzodiazepine use disorder"
DeepSeek-V3.2,run1,178,3,Unspecified Depressive Disorder,F32.9,"1. Dependent personality disorder
2. Benzodiazepine use disorder"
DeepSeek-V3.2,run1,178,4,Unspecified Anxiety Disorder,F41.9,"1. Dependent personality disorder
2. Benzodiazepine use disorder"
DeepSeek-V3.2,run1,178,5,Adjustment Disorder with Depressed Mood,F43.21,"1. Dependent personality disorder
2. Benzodiazepine use disorder"
DeepSeek-V3.2,run2,178,1,"Sedative, Hypnotic, or Anxiolytic Use Disorder",F13.20,"1. Dependent personality disorder
2. Benzodiazepine use disorder"
DeepSeek-V3.2,run2,178,2,Dependent Personality Disorder,F60.7,"1. Dependent personality disorder
2. Benzodiazepine use disorder"
DeepSeek-V3.2,run2,178,3,Adjustment Disorder with Depressed Mood,F43.21,"1. Dependent personality disorder
2. Benzodiazepine use disorder"
DeepSeek-V3.2,run2,178,4,Unspecified Anxiety Disorder,F41.9,"1. Dependent personality disorder
2. Benzodiazepine use disorder"
DeepSeek-V3.2,run2,178,5,Unspecified Depressive Disorder,F32.9,"1. Dependent personality disorder
2. Benzodiazepine use disorder"
DeepSeek-V3.2,run1,181,1,Fetishistic Disorder,F65.0,Fetishistic disorder
DeepSeek-V3.2,run1,181,2,Adjustment Disorder With Anxiety,F43.23,Fetishistic disorder
DeepSeek-V3.2,run1,181,3,Generalized Anxiety Disorder,F41.1,Fetishistic disorder
DeepSeek-V3.2,run1,181,4,Unspecified Depressive Disorder,F32.9,Fetishistic disorder
DeepSeek-V3.2,run1,181,5,Other Specified Paraphilic Disorder,F65.89,Fetishistic disorder
DeepSeek-V3.2,run2,181,1,Fetishistic Disorder,F65.0,Fetishistic disorder
DeepSeek-V3.2,run2,181,2,"Adjustment Disorder, With Anxiety",F43.22,Fetishistic disorder
DeepSeek-V3.2,run2,181,3,Other Specified Sexual Disorder,F65.89,Fetishistic disorder
DeepSeek-V3.2,run2,181,4,Unspecified Anxiety Disorder,F41.9,Fetishistic disorder
DeepSeek-V3.2,run2,181,5,Unspecified Paraphilic Disorder,F65.9,Fetishistic disorder
DeepSeek-V3.2,run1,1003,1,"Bipolar I Disorder, Current Episode Manic, Severe",F31.13,"Bipolar disorder, current episode manic (F31.2)"
DeepSeek-V3.2,run1,1003,2,Intermittent Explosive Disorder,F63.81,"Bipolar disorder, current episode manic (F31.2)"
DeepSeek-V3.2,run1,1003,3,Oppositional Defiant Disorder,F91.3,"Bipolar disorder, current episode manic (F31.2)"
DeepSeek-V3.2,run1,1003,4,"Attention-Deficit/Hyperactivity Disorder, Combined Presentation",F90.2,"Bipolar disorder, current episode manic (F31.2)"
DeepSeek-V3.2,run1,1003,5,"Adjustment Disorder, With Disturbance of Conduct",F43.24,"Bipolar disorder, current episode manic (F31.2)"
DeepSeek-V3.2,run2,1003,1,"Bipolar I Disorder, current manic episode with irritable mood",F31.1,"Bipolar disorder, current episode manic (F31.2)"
DeepSeek-V3.2,run2,1003,2,Other Specified Bipolar and Related Disorder,F31.89,"Bipolar disorder, current episode manic (F31.2)"
DeepSeek-V3.2,run2,1003,3,Oppositional Defiant Disorder,F91.3,"Bipolar disorder, current episode manic (F31.2)"
DeepSeek-V3.2,run2,1003,4,Intermittent Explosive Disorder,F63.81,"Bipolar disorder, current episode manic (F31.2)"
DeepSeek-V3.2,run2,1003,5,"Unspecified Disruptive, Impulse-Control, and Conduct Disorder",F91.9,"Bipolar disorder, current episode manic (F31.2)"
DeepSeek-V3.2,run1,1009,1,"Anorexia Nervosa, Restricting Type",F50.01,"Anorexia nervosa, restrictive type (F50.01)"
DeepSeek-V3.2,run1,1009,2,Other Specified Feeding or Eating Disorder,F50.89,"Anorexia nervosa, restrictive type (F50.01)"
DeepSeek-V3.2,run1,1009,3,Laxative Misuse,F55.2,"Anorexia nervosa, restrictive type (F50.01)"
DeepSeek-V3.2,run1,1009,4,Somatic Symptom Disorder,F45.1,"Anorexia nervosa, restrictive type (F50.01)"
DeepSeek-V3.2,run1,1009,5,Unspecified Feeding or Eating Disorder,F50.9,"Anorexia nervosa, restrictive type (F50.01)"
DeepSeek-V3.2,run2,1009,1,"Anorexia Nervosa, Restricting Type",F50.01,"Anorexia nervosa, restrictive type (F50.01)"
DeepSeek-V3.2,run2,1009,2,Other Specified Feeding or Eating Disorder,F50.8,"Anorexia nervosa, restrictive type (F50.01)"
DeepSeek-V3.2,run2,1009,3,Laxative Abuse,F50.8,"Anorexia nervosa, restrictive type (F50.01)"
DeepSeek-V3.2,run2,1009,4,"Gastroesophageal reflux disease, with sleep disturbance",F50.8,"Anorexia nervosa, restrictive type (F50.01)"
DeepSeek-V3.2,run2,1009,5,Amenorrhea,F50.8,"Anorexia nervosa, restrictive type (F50.01)"
DeepSeek-V3.2,run1,1012,1,Autism Spectrum Disorder,F84.0,Autistic Disorder (F 84.0); Tourette Syndrome (F95.2)
DeepSeek-V3.2,run1,1012,2,Tourette's Disorder,F95.2,Autistic Disorder (F 84.0); Tourette Syndrome (F95.2)
DeepSeek-V3.2,run1,1012,3,"Other Specified Disruptive, Impulse-Control, and Conduct Disorder",F91.8,Autistic Disorder (F 84.0); Tourette Syndrome (F95.2)
DeepSeek-V3.2,run1,1012,4,"Attention-Deficit/Hyperactivity Disorder, Combined Presentation",F90.2,Autistic Disorder (F 84.0); Tourette Syndrome (F95.2)
DeepSeek-V3.2,run1,1012,5,Generalized Anxiety Disorder,F41.1,Autistic Disorder (F 84.0); Tourette Syndrome (F95.2)
DeepSeek-V3.2,run2,1012,1,"Autism Spectrum Disorder, With accompanying intellectual impairment, Without accompanying language impairment, Requiring substantial support",F84.0,Autistic Disorder (F 84.0); Tourette Syndrome (F95.2)
DeepSeek-V3.2,run2,1012,2,Tourette's Disorder,F95.2,Autistic Disorder (F 84.0); Tourette Syndrome (F95.2)
DeepSeek-V3.2,run2,1012,3,Persistent  Motor or Vocal Tic Disorder,F95.1,Autistic Disorder (F 84.0); Tourette Syndrome (F95.2)
DeepSeek-V3.2,run2,1012,4,Provisional Tic Disorder,F95.0,Autistic Disorder (F 84.0); Tourette Syndrome (F95.2)
DeepSeek-V3.2,run2,1012,5,Other Specified Neurodevelopmental Disorder,F88,Autistic Disorder (F 84.0); Tourette Syndrome (F95.2)
DeepSeek-V3.2,run1,1013,1,Global Developmental Delay,F88,Cri-du-chat Syndrome (Q93.4) vs Unspecified neurodevelopmental disorder (F89.0)
DeepSeek-V3.2,run1,1013,2,Avoidant/Restrictive Food Intake Disorder,F50.8,Cri-du-chat Syndrome (Q93.4) vs Unspecified neurodevelopmental disorder (F89.0)
DeepSeek-V3.2,run1,1013,3,Separation Anxiety Disorder,F93.0,Cri-du-chat Syndrome (Q93.4) vs Unspecified neurodevelopmental disorder (F89.0)
DeepSeek-V3.2,run1,1013,4,Unspecified Intellectual Disability,F79,Cri-du-chat Syndrome (Q93.4) vs Unspecified neurodevelopmental disorder (F89.0)
DeepSeek-V3.2,run1,1013,5,Unspecified Disorder of Psychological Development,F89,Cri-du-chat Syndrome (Q93.4) vs Unspecified neurodevelopmental disorder (F89.0)
DeepSeek-V3.2,run2,1013,1,Global Developmental Delay,F88,Cri-du-chat Syndrome (Q93.4) vs Unspecified neurodevelopmental disorder (F89.0)
DeepSeek-V3.2,run2,1013,2,Feeding Disorder of Infancy or Early Childhood,F98.2,Cri-du-chat Syndrome (Q93.4) vs Unspecified neurodevelopmental disorder (F89.0)
DeepSeek-V3.2,run2,1013,3,Unspecified Intellectual Disability,F79,Cri-du-chat Syndrome (Q93.4) vs Unspecified neurodevelopmental disorder (F89.0)
DeepSeek-V3.2,run2,1013,4,Other Specified Neurodevelopmental Disorder,F88,Cri-du-chat Syndrome (Q93.4) vs Unspecified neurodevelopmental disorder (F89.0)
DeepSeek-V3.2,run2,1013,5,Psychological Factors Affecting Other Medical Conditions,F54,Cri-du-chat Syndrome (Q93.4) vs Unspecified neurodevelopmental disorder (F89.0)
DeepSeek-V3.2,run1,1020,1,Obsessive-Compulsive Disorder,F42.9,"Obsessive-Compulsive Disorder (F42.2); Major Depressive Disorder (moderate, recurrent) (F33.1); Social Anxiety Disorder (F40.10); Excoriation Disorder (F42.4); Other Specified Eating Disorder: bulimia nervosa (of low frequency and limited duration) (F50.89)"
DeepSeek-V3.2,run1,1020,2,"Major Depressive Disorder, Recurrent Episode",F33.9,"Obsessive-Compulsive Disorder (F42.2); Major Depressive Disorder (moderate, recurrent) (F33.1); Social Anxiety Disorder (F40.10); Excoriation Disorder (F42.4); Other Specified Eating Disorder: bulimia nervosa (of low frequency and limited duration) (F50.89)"
DeepSeek-V3.2,run1,1020,3,Social Anxiety Disorder,F40.10,"Obsessive-Compulsive Disorder (F42.2); Major Depressive Disorder (moderate, recurrent) (F33.1); Social Anxiety Disorder (F40.10); Excoriation Disorder (F42.4); Other Specified Eating Disorder: bulimia nervosa (of low frequency and limited duration) (F50.89)"
DeepSeek-V3.2,run1,1020,4,Attention-Deficit/Hyperactivity Disorder,F90.9,"Obsessive-Compulsive Disorder (F42.2); Major Depressive Disorder (moderate, recurrent) (F33.1); Social Anxiety Disorder (F40.10); Excoriation Disorder (F42.4); Other Specified Eating Disorder: bulimia nervosa (of low frequency and limited duration) (F50.89)"
DeepSeek-V3.2,run1,1020,5,Excoriation  Disorder,F42.4,"Obsessive-Compulsive Disorder (F42.2); Major Depressive Disorder (moderate, recurrent) (F33.1); Social Anxiety Disorder (F40.10); Excoriation Disorder (F42.4); Other Specified Eating Disorder: bulimia nervosa (of low frequency and limited duration) (F50.89)"
DeepSeek-V3.2,run2,1020,1,Obsessive-Compulsive Disorder,F42,"Obsessive-Compulsive Disorder (F42.2); Major Depressive Disorder (moderate, recurrent) (F33.1); Social Anxiety Disorder (F40.10); Excoriation Disorder (F42.4); Other Specified Eating Disorder: bulimia nervosa (of low frequency and limited duration) (F50.89)"
DeepSeek-V3.2,run2,1020,2,"Major Depressive Disorder, Recurrent Episode",F33,"Obsessive-Compulsive Disorder (F42.2); Major Depressive Disorder (moderate, recurrent) (F33.1); Social Anxiety Disorder (F40.10); Excoriation Disorder (F42.4); Other Specified Eating Disorder: bulimia nervosa (of low frequency and limited duration) (F50.89)"
DeepSeek-V3.2,run2,1020,3,Social Anxiety Disorder,F40.10,"Obsessive-Compulsive Disorder (F42.2); Major Depressive Disorder (moderate, recurrent) (F33.1); Social Anxiety Disorder (F40.10); Excoriation Disorder (F42.4); Other Specified Eating Disorder: bulimia nervosa (of low frequency and limited duration) (F50.89)"
DeepSeek-V3.2,run2,1020,4,Excoriation  Disorder,F42.4,"Obsessive-Compulsive Disorder (F42.2); Major Depressive Disorder (moderate, recurrent) (F33.1); Social Anxiety Disorder (F40.10); Excoriation Disorder (F42.4); Other Specified Eating Disorder: bulimia nervosa (of low frequency and limited duration) (F50.89)"
DeepSeek-V3.2,run2,1020,5,"Bulimia Nervosa, In partial remission",F50.2,"Obsessive-Compulsive Disorder (F42.2); Major Depressive Disorder (moderate, recurrent) (F33.1); Social Anxiety Disorder (F40.10); Excoriation Disorder (F42.4); Other Specified Eating Disorder: bulimia nervosa (of low frequency and limited duration) (F50.89)"
DeepSeek-V3.2,run1,1021,1,Obsessive-Compulsive Disorder,F42,"Obsessive-compulsive disorder (F42.2); Anorexia nervosa, restricting type, in partial remission (F50.014); Major depressive disorder, recurrent, in partial remission (F33.41)"
DeepSeek-V3.2,run1,1021,2,Anorexia Nervosa,F50.00,"Obsessive-compulsive disorder (F42.2); Anorexia nervosa, restricting type, in partial remission (F50.014); Major depressive disorder, recurrent, in partial remission (F33.41)"
DeepSeek-V3.2,run1,1021,3,Other Specified Depressive Disorder,F32.89,"Obsessive-compulsive disorder (F42.2); Anorexia nervosa, restricting type, in partial remission (F50.014); Major depressive disorder, recurrent, in partial remission (F33.41)"
DeepSeek-V3.2,run1,1021,4,Obsessive-Compulsive Personality Disorder,F60.5,"Obsessive-compulsive disorder (F42.2); Anorexia nervosa, restricting type, in partial remission (F50.014); Major depressive disorder, recurrent, in partial remission (F33.41)"
DeepSeek-V3.2,run1,1021,5,Adjustment Disorder with Mixed Anxiety and Depressed Mood,F43.23,"Obsessive-compulsive disorder (F42.2); Anorexia nervosa, restricting type, in partial remission (F50.014); Major depressive disorder, recurrent, in partial remission (F33.41)"
DeepSeek-V3.2,run2,1021,1,Obsessive-Compulsive Disorder,F42,"Obsessive-compulsive disorder (F42.2); Anorexia nervosa, restricting type, in partial remission (F50.014); Major depressive disorder, recurrent, in partial remission (F33.41)"
DeepSeek-V3.2,run2,1021,2,Anorexia Nervosa,F50.00,"Obsessive-compulsive disorder (F42.2); Anorexia nervosa, restricting type, in partial remission (F50.014); Major depressive disorder, recurrent, in partial remission (F33.41)"
DeepSeek-V3.2,run2,1021,3,Persistent Depressive Disorder,F34.1,"Obsessive-compulsive disorder (F42.2); Anorexia nervosa, restricting type, in partial remission (F50.014); Major depressive disorder, recurrent, in partial remission (F33.41)"
DeepSeek-V3.2,run2,1021,4,Borderline Personality Disorder,F60.3,"Obsessive-compulsive disorder (F42.2); Anorexia nervosa, restricting type, in partial remission (F50.014); Major depressive disorder, recurrent, in partial remission (F33.41)"
DeepSeek-V3.2,run2,1021,5,Generalized Anxiety Disorder,F41.1,"Obsessive-compulsive disorder (F42.2); Anorexia nervosa, restricting type, in partial remission (F50.014); Major depressive disorder, recurrent, in partial remission (F33.41)"
DeepSeek-V3.2,run1,1032,1,Disruptive Mood Dysregulation Disorder,F34.81,Disruptive mood dysregulation disorder (F34.81)
DeepSeek-V3.2,run1,1032,2,Oppositional Defiant Disorder,F91.3,Disruptive mood dysregulation disorder (F34.81)
DeepSeek-V3.2,run1,1032,3,"Conduct Disorder, Unspecified",F91.9,Disruptive mood dysregulation disorder (F34.81)
DeepSeek-V3.2,run1,1032,4,Intermittent Explosive Disorder,F63.81,Disruptive mood dysregulation disorder (F34.81)
DeepSeek-V3.2,run1,1032,5,Adjustment Disorder with Disturbance of Conduct,F43.24,Disruptive mood dysregulation disorder (F34.81)
DeepSeek-V3.2,run2,1032,1,Disruptive Mood Dysregulation Disorder,F34.8,Disruptive mood dysregulation disorder (F34.81)
DeepSeek-V3.2,run2,1032,2,Oppositional Defiant Disorder,F91.3,Disruptive mood dysregulation disorder (F34.81)
DeepSeek-V3.2,run2,1032,3,Intermittent Explosive Disorder,F63.81,Disruptive mood dysregulation disorder (F34.81)
DeepSeek-V3.2,run2,1032,4,Other Specified Trauma- and Stressor-Related Disorder,F43.8,Disruptive mood dysregulation disorder (F34.81)
DeepSeek-V3.2,run2,1032,5,"Other Specified Disruptive, Impulse-Control, and Conduct Disorder",F91.8,Disruptive mood dysregulation disorder (F34.81)
DeepSeek-V3.2,run1,1033,1,Oppositional Defiant Disorder,F91.3,Oppositional defiant disorder (F91.3)
DeepSeek-V3.2,run1,1033,2,"Conduct Disorder, Childhood-Onset Type, With limited prosocial emotions",F91.1,Oppositional defiant disorder (F91.3)
DeepSeek-V3.2,run1,1033,3,Adjustment Disorder with disturbance of conduct,F43.24,Oppositional defiant disorder (F91.3)
DeepSeek-V3.2,run1,1033,4,Intermittent Explosive Disorder,F63.81,Oppositional defiant disorder (F91.3)
DeepSeek-V3.2,run1,1033,5,Disruptive Mood Dysregulation Disorder,F34.8,Oppositional defiant disorder (F91.3)
DeepSeek-V3.2,run2,1033,1,Oppositional Defiant Disorder,F91.3,Oppositional defiant disorder (F91.3)
DeepSeek-V3.2,run2,1033,2,"Conduct Disorder, Childhood-Onset Type",F91.1,Oppositional defiant disorder (F91.3)
DeepSeek-V3.2,run2,1033,3,Intermittent Explosive Disorder,F63.81,Oppositional defiant disorder (F91.3)
DeepSeek-V3.2,run2,1033,4,Adjustment Disorder With Disturbance of Conduct,F43.24,Oppositional defiant disorder (F91.3)
DeepSeek-V3.2,run2,1033,5,Parent-Child Relational Problem,Z62.820,Oppositional defiant disorder (F91.3)
DeepSeek-V3.2,run1,1047,1,"Other substance-induced psychotic disorder, without perceptual disturbances",F19.959,"F19.150 other psychoactive substance abuse with psychoactive substance induced psychotic disorder with delusions, F15.10 Other stimulant abuse, F12.1 Cannabis abuse"
DeepSeek-V3.2,run1,1047,2,"Methamphetamine use disorder, unspecified",F15.20,"F19.150 other psychoactive substance abuse with psychoactive substance induced psychotic disorder with delusions, F15.10 Other stimulant abuse, F12.1 Cannabis abuse"
DeepSeek-V3.2,run1,1047,3,"Phencyclidine use disorder, unspecified",F16.20,"F19.150 other psychoactive substance abuse with psychoactive substance induced psychotic disorder with delusions, F15.10 Other stimulant abuse, F12.1 Cannabis abuse"
DeepSeek-V3.2,run1,1047,4,"Cannabis use disorder, unspecified",F12.20,"F19.150 other psychoactive substance abuse with psychoactive substance induced psychotic disorder with delusions, F15.10 Other stimulant abuse, F12.1 Cannabis abuse"
DeepSeek-V3.2,run1,1047,5,Unspecified schizophrenia spectrum and other psychotic disorder,F29,"F19.150 other psychoactive substance abuse with psychoactive substance induced psychotic disorder with delusions, F15.10 Other stimulant abuse, F12.1 Cannabis abuse"
DeepSeek-V3.2,run2,1047,1,"Substance/Medication-Induced Psychotic Disorder, With onset during intoxication",F16.950,"F19.150 other psychoactive substance abuse with psychoactive substance induced psychotic disorder with delusions, F15.10 Other stimulant abuse, F12.1 Cannabis abuse"
DeepSeek-V3.2,run2,1047,2,Phencyclidine Intoxication,F16.929,"F19.150 other psychoactive substance abuse with psychoactive substance induced psychotic disorder with delusions, F15.10 Other stimulant abuse, F12.1 Cannabis abuse"
DeepSeek-V3.2,run2,1047,3,"Methamphetamine Use Disorder, Moderate or Severe",F15.20,"F19.150 other psychoactive substance abuse with psychoactive substance induced psychotic disorder with delusions, F15.10 Other stimulant abuse, F12.1 Cannabis abuse"
DeepSeek-V3.2,run2,1047,4,"Cannabis Use Disorder, Moderate or Severe",F12.20,"F19.150 other psychoactive substance abuse with psychoactive substance induced psychotic disorder with delusions, F15.10 Other stimulant abuse, F12.1 Cannabis abuse"
DeepSeek-V3.2,run2,1047,5,Schizophrenia,F20.9,"F19.150 other psychoactive substance abuse with psychoactive substance induced psychotic disorder with delusions, F15.10 Other stimulant abuse, F12.1 Cannabis abuse"
DeepSeek-V3.2,run1,1049,1,Brief Psychotic Disorder,F23,Cataonia associated with another mental disorder (F06.1)
DeepSeek-V3.2,run1,1049,2,Catatonia Associated with Another Mental Disorder,F06.1,Cataonia associated with another mental disorder (F06.1)
DeepSeek-V3.2,run1,1049,3,"Major Depressive Disorder, Single Episode or Recurrent, With Psychotic Features",F32.3,Cataonia associated with another mental disorder (F06.1)
DeepSeek-V3.2,run1,1049,4,Schizophreniaform Disorder,F20.81,Cataonia associated with another mental disorder (F06.1)
DeepSeek-V3.2,run1,1049,5,Unspecified Catatonia,F06.1,Cataonia associated with another mental disorder (F06.1)
DeepSeek-V3.2,run2,1049,1,"Major depressive disorder, recurrent, with catatonic features",F33.3,Cataonia associated with another mental disorder (F06.1)
DeepSeek-V3.2,run2,1049,2,"Schizophrenia, catatonic type",F20.2,Cataonia associated with another mental disorder (F06.1)
DeepSeek-V3.2,run2,1049,3,"Schizoaffective disorder, depressive type",F25.1,Cataonia associated with another mental disorder (F06.1)
DeepSeek-V3.2,run2,1049,4,Catatonic disorder due to another medical condition,F06.1,Cataonia associated with another mental disorder (F06.1)
DeepSeek-V3.2,run2,1049,5,Unspecified catatonia,F06.1,Cataonia associated with another mental disorder (F06.1)
DeepSeek-V3.2,run1,1056,1,Disruptive Mood Dysregulation Disorder,F34.81,Disruptive Mood Dysregulation Disorder (DMDD) (F34.81)
DeepSeek-V3.2,run1,1056,2,Oppositional Defiant Disorder,F91.3,Disruptive Mood Dysregulation Disorder (DMDD) (F34.81)
DeepSeek-V3.2,run1,1056,3,Intermittent Explosive Disorder,F63.81,Disruptive Mood Dysregulation Disorder (DMDD) (F34.81)
DeepSeek-V3.2,run1,1056,4,Specific Learning Disorder,F81.9,Disruptive Mood Dysregulation Disorder (DMDD) (F34.81)
DeepSeek-V3.2,run1,1056,5,Social Anxiety Disorder,F40.10,Disruptive Mood Dysregulation Disorder (DMDD) (F34.81)
DeepSeek-V3.2,run2,1056,1,Disruptive Mood Dysregulation Disorder,F34.8,Disruptive Mood Dysregulation Disorder (DMDD) (F34.81)
DeepSeek-V3.2,run2,1056,2,Oppositional Defiant Disorder,F91.3,Disruptive Mood Dysregulation Disorder (DMDD) (F34.81)
DeepSeek-V3.2,run2,1056,3,Intermittent Explosive Disorder,F63.81,Disruptive Mood Dysregulation Disorder (DMDD) (F34.81)
DeepSeek-V3.2,run2,1056,4,Social  Communication Disorder,F80.89,Disruptive Mood Dysregulation Disorder (DMDD) (F34.81)
DeepSeek-V3.2,run2,1056,5,Other Specified Neurodevelopmental Disorder,F88,Disruptive Mood Dysregulation Disorder (DMDD) (F34.81)
Claude Opus 4.5,run1,17,1,"Schizoaffective Disorder, Bipolar Type",F25.0,Schizoaffective disorder
Claude Opus 4.5,run1,17,2,"Cannabis Use Disorder, Moderate",F12.20,Schizoaffective disorder
Claude Opus 4.5,run1,17,3,Schizophrenia,F20.9,Schizoaffective disorder
Claude Opus 4.5,run1,17,4,"Bipolar I Disorder, Current Episode Manic, With Psychotic Features",F31.2,Schizoaffective disorder
Claude Opus 4.5,run1,17,5,Unspecified Trauma- and Stressor-Related Disorder,F43.9,Schizoaffective disorder
Claude Opus 4.5,run2,17,1,"Schizoaffective Disorder, Bipolar Type",F25.0,Schizoaffective disorder
Claude Opus 4.5,run2,17,2,"Cannabis Use Disorder, Severe",F12.20,Schizoaffective disorder
Claude Opus 4.5,run2,17,3,Schizophrenia,F20.9,Schizoaffective disorder
Claude Opus 4.5,run2,17,4,"Bipolar I Disorder, Current Episode Manic, Severe, with Psychotic Features",F31.2,Schizoaffective disorder
Claude Opus 4.5,run2,17,5,Unspecified Trauma- and Stressor-Related Disorder,F43.9,Schizoaffective disorder
Claude Opus 4.5,run1,23,1,"Other substance-induced psychotic disorder, without use disorder",F19.959,Levetiracetam-induced acute psychosis
Claude Opus 4.5,run1,23,2,"Psychotic disorder due to another medical condition, with delusions",F06.2,Levetiracetam-induced acute psychosis
Claude Opus 4.5,run1,23,3,Adjustment disorder with anxiety,F43.22,Levetiracetam-induced acute psychosis
Claude Opus 4.5,run1,23,4,Brief psychotic disorder,F23,Levetiracetam-induced acute psychosis
Claude Opus 4.5,run1,23,5,"Social anxiety disorder, unspecified",F40.10,Levetiracetam-induced acute psychosis
Claude Opus 4.5,run2,23,1,Other  Substance-Induced Psychotic Disorder,F19.959,Levetiracetam-induced acute psychosis
Claude Opus 4.5,run2,23,2,"Psychotic Disorder Due to Another Medical Condition, With Delusions",F06.2,Levetiracetam-induced acute psychosis
Claude Opus 4.5,run2,23,3,Social Anxiety Disorder,F40.10,Levetiracetam-induced acute psychosis
Claude Opus 4.5,run2,23,4,Agoraphobia,F40.00,Levetiracetam-induced acute psychosis
Claude Opus 4.5,run2,23,5,Adjustment Disorder with Anxiety,F43.22,Levetiracetam-induced acute psychosis
Claude Opus 4.5,run1,32,1,Posttraumatic Stress Disorder,F43.10,"Autism Spectrum Disorder, Major Depressive Disorder (MDD), Unspecified Anxiety Disorder, and Posttraumatic Stress Disorder (PTSD)"
Claude Opus 4.5,run1,32,2,Borderline Personality Disorder,F60.3,"Autism Spectrum Disorder, Major Depressive Disorder (MDD), Unspecified Anxiety Disorder, and Posttraumatic Stress Disorder (PTSD)"
Claude Opus 4.5,run1,32,3,Intermittent Explosive Disorder,F63.81,"Autism Spectrum Disorder, Major Depressive Disorder (MDD), Unspecified Anxiety Disorder, and Posttraumatic Stress Disorder (PTSD)"
Claude Opus 4.5,run1,32,4,Other Specified Dissociative Disorder,F44.89,"Autism Spectrum Disorder, Major Depressive Disorder (MDD), Unspecified Anxiety Disorder, and Posttraumatic Stress Disorder (PTSD)"
Claude Opus 4.5,run1,32,5,Unspecified Depressive Disorder,F32,"Autism Spectrum Disorder, Major Depressive Disorder (MDD), Unspecified Anxiety Disorder, and Posttraumatic Stress Disorder (PTSD)"
Claude Opus 4.5,run2,32,1,Posttraumatic Stress Disorder,F43.10,"Autism Spectrum Disorder, Major Depressive Disorder (MDD), Unspecified Anxiety Disorder, and Posttraumatic Stress Disorder (PTSD)"
Claude Opus 4.5,run2,32,2,Borderline Personality Disorder,F60.3,"Autism Spectrum Disorder, Major Depressive Disorder (MDD), Unspecified Anxiety Disorder, and Posttraumatic Stress Disorder (PTSD)"
Claude Opus 4.5,run2,32,3,Intermittent Explosive Disorder,F63.81,"Autism Spectrum Disorder, Major Depressive Disorder (MDD), Unspecified Anxiety Disorder, and Posttraumatic Stress Disorder (PTSD)"
Claude Opus 4.5,run2,32,4,Dissociative Amnesia,F44.0,"Autism Spectrum Disorder, Major Depressive Disorder (MDD), Unspecified Anxiety Disorder, and Posttraumatic Stress Disorder (PTSD)"
Claude Opus 4.5,run2,32,5,Autism Spectrum Disorder,F84.0,"Autism Spectrum Disorder, Major Depressive Disorder (MDD), Unspecified Anxiety Disorder, and Posttraumatic Stress Disorder (PTSD)"
Claude Opus 4.5,run1,62,1,Conversion disorder  with attacks or seizures,F44.5,Functional seizures.
Claude Opus 4.5,run1,62,2,Posttraumatic stress disorder,F43.10,Functional seizures.
Claude Opus 4.5,run1,62,3,"Major depressive disorder, recurrent, in partial remission",F33.41,Functional seizures.
Claude Opus 4.5,run1,62,4,Panic disorder,F41.0,Functional seizures.
Claude Opus 4.5,run1,62,5,Agoraphobia,F40.00,Functional seizures.
Claude Opus 4.5,run2,62,1,Conversion disorder with attacks or seizures,F44.5,Functional seizures.
Claude Opus 4.5,run2,62,2,"Post-traumatic stress disorder, chronic",F43.12,Functional seizures.
Claude Opus 4.5,run2,62,3,Panic disorder,F41.0,Functional seizures.
Claude Opus 4.5,run2,62,4,"Major depressive disorder, recurrent, in partial remission",F33.41,Functional seizures.
Claude Opus 4.5,run2,62,5,Agoraphobia,F40.00,Functional seizures.
Claude Opus 4.5,run1,80,1,"Autism Spectrum Disorder, requiring very substantial support, with accompanying intellectual impairment, with accompanying language impairment, associated with a known genetic condition",F84.0,"1. Intellectual developmental disorder (intellectual disability), severe
2. Autism spectrum disorder, with accompanying intellectual and language impairments, associated with Kleefstra syndrome"
Claude Opus 4.5,run1,80,2,"Intellectual Disability , Severe",F72,"1. Intellectual developmental disorder (intellectual disability), severe
2. Autism spectrum disorder, with accompanying intellectual and language impairments, associated with Kleefstra syndrome"
Claude Opus 4.5,run1,80,3,"Stereotypic Movement Disorder, with self-injurious behavior",F98.4,"1. Intellectual developmental disorder (intellectual disability), severe
2. Autism spectrum disorder, with accompanying intellectual and language impairments, associated with Kleefstra syndrome"
Claude Opus 4.5,run1,80,4,Unspecified Depressive Disorder,F32,"1. Intellectual developmental disorder (intellectual disability), severe
2. Autism spectrum disorder, with accompanying intellectual and language impairments, associated with Kleefstra syndrome"
Claude Opus 4.5,run1,80,5,Language Disorder,F80.2,"1. Intellectual developmental disorder (intellectual disability), severe
2. Autism spectrum disorder, with accompanying intellectual and language impairments, associated with Kleefstra syndrome"
Claude Opus 4.5,run2,80,1,"Autism Spectrum Disorder, requiring very substantial support, with accompanying intellectual impairment, with accompanying language impairment",F84.0,"1. Intellectual developmental disorder (intellectual disability), severe
2. Autism spectrum disorder, with accompanying intellectual and language impairments, associated with Kleefstra syndrome"
Claude Opus 4.5,run2,80,2,"Intellectual Disability, Severe",F72,"1. Intellectual developmental disorder (intellectual disability), severe
2. Autism spectrum disorder, with accompanying intellectual and language impairments, associated with Kleefstra syndrome"
Claude Opus 4.5,run2,80,3,Language Disorder,F80.2,"1. Intellectual developmental disorder (intellectual disability), severe
2. Autism spectrum disorder, with accompanying intellectual and language impairments, associated with Kleefstra syndrome"
Claude Opus 4.5,run2,80,4,"Stereotypic Movement Disorder, with self-injurious behavior",F98.4,"1. Intellectual developmental disorder (intellectual disability), severe
2. Autism spectrum disorder, with accompanying intellectual and language impairments, associated with Kleefstra syndrome"
Claude Opus 4.5,run2,80,5,Unspecified Depressive Disorder,F32.9,"1. Intellectual developmental disorder (intellectual disability), severe
2. Autism spectrum disorder, with accompanying intellectual and language impairments, associated with Kleefstra syndrome"
Claude Opus 4.5,run1,85,1,Schizophrenia,F20.9,"Schizophrenia, multiple episodes, currently in acute episode"
Claude Opus 4.5,run1,85,2,Unspecified intellectual disability,F79,"Schizophrenia, multiple episodes, currently in acute episode"
Claude Opus 4.5,run1,85,3,Autism spectrum disorder,F84.0,"Schizophrenia, multiple episodes, currently in acute episode"
Claude Opus 4.5,run1,85,4,Intermittent explosive disorder,F63.81,"Schizophrenia, multiple episodes, currently in acute episode"
Claude Opus 4.5,run1,85,5,Unspecified anxiety disorder,F41.9,"Schizophrenia, multiple episodes, currently in acute episode"
Claude Opus 4.5,run2,85,1,Schizophrenia,F20.9,"Schizophrenia, multiple episodes, currently in acute episode"
Claude Opus 4.5,run2,85,2,Autism spectrum disorder,F84.0,"Schizophrenia, multiple episodes, currently in acute episode"
Claude Opus 4.5,run2,85,3,Unspecified intellectual disability,F79,"Schizophrenia, multiple episodes, currently in acute episode"
Claude Opus 4.5,run2,85,4,Unspecified anxiety disorder,F41.9,"Schizophrenia, multiple episodes, currently in acute episode"
Claude Opus 4.5,run2,85,5,"Schizoaffective disorder, unspecified",F25.9,"Schizophrenia, multiple episodes, currently in acute episode"
Claude Opus 4.5,run1,94,1,"Bipolar II disorder, current episode depressed",F31.81,"1. Bipolar II disorder, current episode depressed; high level of concern about suicide
2. Unspecified anxiety disorder"
Claude Opus 4.5,run1,94,2,Panic disorder,F41.0,"1. Bipolar II disorder, current episode depressed; high level of concern about suicide
2. Unspecified anxiety disorder"
Claude Opus 4.5,run1,94,3,"Cannabis use disorder, in early remission",F12.11,"1. Bipolar II disorder, current episode depressed; high level of concern about suicide
2. Unspecified anxiety disorder"
Claude Opus 4.5,run1,94,4,"Alcohol use disorder, in early remission",F10.11,"1. Bipolar II disorder, current episode depressed; high level of concern about suicide
2. Unspecified anxiety disorder"
Claude Opus 4.5,run1,94,5,Borderline personality disorder,F60.3,"1. Bipolar II disorder, current episode depressed; high level of concern about suicide
2. Unspecified anxiety disorder"
Claude Opus 4.5,run2,94,1,"Bipolar II Disorder, current episode depressed, severe",F31.81,"1. Bipolar II disorder, current episode depressed; high level of concern about suicide
2. Unspecified anxiety disorder"
Claude Opus 4.5,run2,94,2,Panic Disorder,F41.0,"1. Bipolar II disorder, current episode depressed; high level of concern about suicide
2. Unspecified anxiety disorder"
Claude Opus 4.5,run2,94,3,Depersonalization-Derealization Disorder,F48.1,"1. Bipolar II disorder, current episode depressed; high level of concern about suicide
2. Unspecified anxiety disorder"
Claude Opus 4.5,run2,94,4,"Cannabis Use Disorder, Mild, In Early Remission",F12.11,"1. Bipolar II disorder, current episode depressed; high level of concern about suicide
2. Unspecified anxiety disorder"
Claude Opus 4.5,run2,94,5,"Alcohol Use Disorder, Mild, In Early Remission",F10.11,"1. Bipolar II disorder, current episode depressed; high level of concern about suicide
2. Unspecified anxiety disorder"
Claude Opus 4.5,run1,97,1,"Bipolar I disorder, current episode manic, severe with psychotic features",F31.2,"Bipolar and related disorder due to HIV infection, with manic features"
Claude Opus 4.5,run1,97,2,"Methamphetamine use disorder, moderate",F15.20,"Bipolar and related disorder due to HIV infection, with manic features"
Claude Opus 4.5,run1,97,3,"Bipolar and related disorder due to another medical condition , with manic features",F06.33,"Bipolar and related disorder due to HIV infection, with manic features"
Claude Opus 4.5,run1,97,4,"Alcohol use disorder, mild",F10.10,"Bipolar and related disorder due to HIV infection, with manic features"
Claude Opus 4.5,run1,97,5,Unspecified neurocognitive disorder,F09,"Bipolar and related disorder due to HIV infection, with manic features"
Claude Opus 4.5,run2,97,1,"Bipolar I disorder, current episode manic, severe, with psychotic features",F31.2,"Bipolar and related disorder due to HIV infection, with manic features"
Claude Opus 4.5,run2,97,2,"Stimulant use disorder, amphetamine-type, moderate",F15.20,"Bipolar and related disorder due to HIV infection, with manic features"
Claude Opus 4.5,run2,97,3,Bipolar and related disorder due to another medical condition,F06.33,"Bipolar and related disorder due to HIV infection, with manic features"
Claude Opus 4.5,run2,97,4,"Stimulant-induced bipolar and related disorder, with onset during intoxication",F15.24,"Bipolar and related disorder due to HIV infection, with manic features"
Claude Opus 4.5,run2,97,5,"Alcohol use disorder, mild",F10.10,"Bipolar and related disorder due to HIV infection, with manic features"
Claude Opus 4.5,run1,99,1,"Bipolar I Disorder, current episode manic, severe, with psychotic features, with peripartum onset",F31.2,"Bipolar I disorder, current episode manic, severe, with psychotic features, with peripartum onset"
Claude Opus 4.5,run1,99,2,"Brief Psychotic Disorder, with peripartum onset",F23,"Bipolar I disorder, current episode manic, severe, with psychotic features, with peripartum onset"
Claude Opus 4.5,run1,99,3,"Schizoaffective Disorder, Bipolar Type",F25.0,"Bipolar I disorder, current episode manic, severe, with psychotic features, with peripartum onset"
Claude Opus 4.5,run1,99,4,"Major Depressive Disorder, severe, with psychotic features, with peripartum onset",F32.3,"Bipolar I disorder, current episode manic, severe, with psychotic features, with peripartum onset"
Claude Opus 4.5,run1,99,5,Unspecified Schizophrenia Spectrum and Other Psychotic Disorder,F29,"Bipolar I disorder, current episode manic, severe, with psychotic features, with peripartum onset"
Claude Opus 4.5,run2,99,1,"Bipolar I Disorder, Current Episode Manic, Severe, With Psychotic Features, With Peripartum Onset",F31.2,"Bipolar I disorder, current episode manic, severe, with psychotic features, with peripartum onset"
Claude Opus 4.5,run2,99,2,"Schizoaffective Disorder, Bipolar Type",F25.0,"Bipolar I disorder, current episode manic, severe, with psychotic features, with peripartum onset"
Claude Opus 4.5,run2,99,3,"Brief Psychotic Disorder, With Peripartum Onset",F23,"Bipolar I disorder, current episode manic, severe, with psychotic features, with peripartum onset"
Claude Opus 4.5,run2,99,4,Schizophreniform Disorder,F20.81,"Bipolar I disorder, current episode manic, severe, with psychotic features, with peripartum onset"
Claude Opus 4.5,run2,99,5,Unspecified Bipolar and Related Disorder,F31.9,"Bipolar I disorder, current episode manic, severe, with psychotic features, with peripartum onset"
Claude Opus 4.5,run1,104,1,"Major Depressive Disorder, Single Episode, Severe with Psychotic Features",F32.3,"Major depressive disorder, single episode, moderate, with psychotic features"
Claude Opus 4.5,run1,104,2,"Major Depressive Disorder, Recurrent Episode, Severe with Psychotic Features",F33.3,"Major depressive disorder, single episode, moderate, with psychotic features"
Claude Opus 4.5,run1,104,3,"Schizoaffective Disorder, Depressive Type",F25.1,"Major depressive disorder, single episode, moderate, with psychotic features"
Claude Opus 4.5,run1,104,4,"Bipolar I Disorder, Current Episode Depressed, Severe with Psychotic Features",F31.5,"Major depressive disorder, single episode, moderate, with psychotic features"
Claude Opus 4.5,run1,104,5,Delusional Disorder,F22,"Major depressive disorder, single episode, moderate, with psychotic features"
Claude Opus 4.5,run2,104,1,"Major depressive disorder, single episode, severe with psychotic features",F32.3,"Major depressive disorder, single episode, moderate, with psychotic features"
Claude Opus 4.5,run2,104,2,"Major depressive disorder, recurrent episode, severe with psychotic features",F33.3,"Major depressive disorder, single episode, moderate, with psychotic features"
Claude Opus 4.5,run2,104,3,"Schizoaffective disorder, depressive type",F25.1,"Major depressive disorder, single episode, moderate, with psychotic features"
Claude Opus 4.5,run2,104,4,Delusional disorder,F22,"Major depressive disorder, single episode, moderate, with psychotic features"
Claude Opus 4.5,run2,104,5,"Alcohol use disorder, mild",F10.10,"Major depressive disorder, single episode, moderate, with psychotic features"
Claude Opus 4.5,run1,108,1,"Cocaine use disorder, moderate, with cocaine-induced depressive disorder",F14.24,"1. Cocaine use disorder, moderate
2. Substance (cocaine)-induced depressive disorder"
Claude Opus 4.5,run1,108,2,"Alcohol use disorder, moderate",F10.20,"1. Cocaine use disorder, moderate
2. Substance (cocaine)-induced depressive disorder"
Claude Opus 4.5,run1,108,3,"Major depressive disorder, single episode, moderate",F32.1,"1. Cocaine use disorder, moderate
2. Substance (cocaine)-induced depressive disorder"
Claude Opus 4.5,run1,108,4,Adjustment disorder with depressed mood,F43.21,"1. Cocaine use disorder, moderate
2. Substance (cocaine)-induced depressive disorder"
Claude Opus 4.5,run1,108,5,Unspecified depressive disorder,F32.9,"1. Cocaine use disorder, moderate
2. Substance (cocaine)-induced depressive disorder"
Claude Opus 4.5,run2,108,1,"Cocaine-induced depressive disorder, with moderate or severe use disorder",F14.24,"1. Cocaine use disorder, moderate
2. Substance (cocaine)-induced depressive disorder"
Claude Opus 4.5,run2,108,2,"Alcohol use disorder, moderate",F10.20,"1. Cocaine use disorder, moderate
2. Substance (cocaine)-induced depressive disorder"
Claude Opus 4.5,run2,108,3,"Major depressive disorder, single episode, moderate",F32.1,"1. Cocaine use disorder, moderate
2. Substance (cocaine)-induced depressive disorder"
Claude Opus 4.5,run2,108,4,Adjustment disorder with depressed mood,F43.21,"1. Cocaine use disorder, moderate
2. Substance (cocaine)-induced depressive disorder"
Claude Opus 4.5,run2,108,5,"Alcohol-induced depressive disorder, with moderate use disorder",F10.24,"1. Cocaine use disorder, moderate
2. Substance (cocaine)-induced depressive disorder"
Claude Opus 4.5,run1,109,1,"Depressive disorder due to another medical condition , with major depressive-like episode",F06.32,"1. Depressive disorder due to another medical condition (Parkinson’s disease), with major depressive–like episode
2. Rapid eye movement sleep behavior disorder"
Claude Opus 4.5,run1,109,2,REM sleep behavior disorder,F51.8,"1. Depressive disorder due to another medical condition (Parkinson’s disease), with major depressive–like episode
2. Rapid eye movement sleep behavior disorder"
Claude Opus 4.5,run1,109,3,Mild neurocognitive disorder due to known physiological condition,F06.7,"1. Depressive disorder due to another medical condition (Parkinson’s disease), with major depressive–like episode
2. Rapid eye movement sleep behavior disorder"
Claude Opus 4.5,run1,109,4,"Major depressive disorder, single episode, moderate",F32.1,"1. Depressive disorder due to another medical condition (Parkinson’s disease), with major depressive–like episode
2. Rapid eye movement sleep behavior disorder"
Claude Opus 4.5,run1,109,5,Adjustment disorder with depressed mood,F43.21,"1. Depressive disorder due to another medical condition (Parkinson’s disease), with major depressive–like episode
2. Rapid eye movement sleep behavior disorder"
Claude Opus 4.5,run2,109,1,"Depressive Disorder Due to Another Medical Condition , With Major Depressive-Like Episode",F06.32,"1. Depressive disorder due to another medical condition (Parkinson’s disease), with major depressive–like episode
2. Rapid eye movement sleep behavior disorder"
Claude Opus 4.5,run2,109,2,"Mild Neurocognitive Disorder Due to Parkinson's Disease, Without Behavioral Disturbance",F06.70,"1. Depressive disorder due to another medical condition (Parkinson’s disease), with major depressive–like episode
2. Rapid eye movement sleep behavior disorder"
Claude Opus 4.5,run2,109,3,REM Sleep Behavior Disorder,F51.8,"1. Depressive disorder due to another medical condition (Parkinson’s disease), with major depressive–like episode
2. Rapid eye movement sleep behavior disorder"
Claude Opus 4.5,run2,109,4,"Major Depressive Disorder, Single Episode, Moderate",F32.1,"1. Depressive disorder due to another medical condition (Parkinson’s disease), with major depressive–like episode
2. Rapid eye movement sleep behavior disorder"
Claude Opus 4.5,run2,109,5,Adjustment Disorder With Depressed Mood,F43.21,"1. Depressive disorder due to another medical condition (Parkinson’s disease), with major depressive–like episode
2. Rapid eye movement sleep behavior disorder"
Claude Opus 4.5,run1,115,1,Social Anxiety Disorder,F40.10,"1. Social anxiety disorder, severe
2. Posttraumatic stress disorder, moderate
3. Agoraphobia, severe"
Claude Opus 4.5,run1,115,2,Post-Traumatic Stress Disorder,F43.10,"1. Social anxiety disorder, severe
2. Posttraumatic stress disorder, moderate
3. Agoraphobia, severe"
Claude Opus 4.5,run1,115,3,Agoraphobia,F40.00,"1. Social anxiety disorder, severe
2. Posttraumatic stress disorder, moderate
3. Agoraphobia, severe"
Claude Opus 4.5,run1,115,4,"Major Depressive Disorder, Single Episode, Severe",F32.2,"1. Social anxiety disorder, severe
2. Posttraumatic stress disorder, moderate
3. Agoraphobia, severe"
Claude Opus 4.5,run1,115,5,Generalized Anxiety Disorder,F41.1,"1. Social anxiety disorder, severe
2. Posttraumatic stress disorder, moderate
3. Agoraphobia, severe"
Claude Opus 4.5,run2,115,1,Social Anxiety Disorder,F40.10,"1. Social anxiety disorder, severe
2. Posttraumatic stress disorder, moderate
3. Agoraphobia, severe"
Claude Opus 4.5,run2,115,2,Posttraumatic Stress Disorder,F43.10,"1. Social anxiety disorder, severe
2. Posttraumatic stress disorder, moderate
3. Agoraphobia, severe"
Claude Opus 4.5,run2,115,3,Agoraphobia,F40.00,"1. Social anxiety disorder, severe
2. Posttraumatic stress disorder, moderate
3. Agoraphobia, severe"
Claude Opus 4.5,run2,115,4,"Major Depressive Disorder, Single Episode, Moderate",F32.1,"1. Social anxiety disorder, severe
2. Posttraumatic stress disorder, moderate
3. Agoraphobia, severe"
Claude Opus 4.5,run2,115,5,Generalized Anxiety Disorder,F41.1,"1. Social anxiety disorder, severe
2. Posttraumatic stress disorder, moderate
3. Agoraphobia, severe"
Claude Opus 4.5,run1,118,1,Other Substance/Medication-Induced Anxiety Disorder,F19.980,"1. Alcohol use disorder, moderate, in early remission
2. Medication-induced anxiety disorder (steroids)"
Claude Opus 4.5,run1,118,2,"Alcohol Use Disorder, Severe, In Early Remission",F10.21,"1. Alcohol use disorder, moderate, in early remission
2. Medication-induced anxiety disorder (steroids)"
Claude Opus 4.5,run1,118,3,Mild Neurocognitive Disorder Due to Another Medical Condition,F06.70,"1. Alcohol use disorder, moderate, in early remission
2. Medication-induced anxiety disorder (steroids)"
Claude Opus 4.5,run1,118,4,Adjustment Disorder with Anxiety,F43.22,"1. Alcohol use disorder, moderate, in early remission
2. Medication-induced anxiety disorder (steroids)"
Claude Opus 4.5,run1,118,5,Unspecified Anxiety Disorder,F41.9,"1. Alcohol use disorder, moderate, in early remission
2. Medication-induced anxiety disorder (steroids)"
Claude Opus 4.5,run2,118,1,Other  Substance-Induced Anxiety Disorder,F19.980,"1. Alcohol use disorder, moderate, in early remission
2. Medication-induced anxiety disorder (steroids)"
Claude Opus 4.5,run2,118,2,"Alcohol Use Disorder, Severe, In Early Remission",F10.21,"1. Alcohol use disorder, moderate, in early remission
2. Medication-induced anxiety disorder (steroids)"
Claude Opus 4.5,run2,118,3,Adjustment Disorder with Anxiety,F43.22,"1. Alcohol use disorder, moderate, in early remission
2. Medication-induced anxiety disorder (steroids)"
Claude Opus 4.5,run2,118,4,Other Specified Mental Disorder Due to Another Medical Condition,F06.8,"1. Alcohol use disorder, moderate, in early remission
2. Medication-induced anxiety disorder (steroids)"
Claude Opus 4.5,run2,118,5,Generalized Anxiety Disorder,F41.1,"1. Alcohol use disorder, moderate, in early remission
2. Medication-induced anxiety disorder (steroids)"
Claude Opus 4.5,run1,155,1,Intermittent Explosive Disorder,F63.81,Intermittent explosive disorder
Claude Opus 4.5,run1,155,2,Borderline Personality Disorder,F60.3,Intermittent explosive disorder
Claude Opus 4.5,run1,155,3,Antisocial Personality Disorder,F60.2,Intermittent explosive disorder
Claude Opus 4.5,run1,155,4,Unspecified Depressive Disorder,F32.9,Intermittent explosive disorder
Claude Opus 4.5,run1,155,5,Unspecified Anxiety Disorder,F41.9,Intermittent explosive disorder
Claude Opus 4.5,run2,155,1,Intermittent Explosive Disorder,F63.81,Intermittent explosive disorder
Claude Opus 4.5,run2,155,2,Unspecified Personality Disorder,F60.9,Intermittent explosive disorder
Claude Opus 4.5,run2,155,3,Unspecified Anxiety Disorder,F41.9,Intermittent explosive disorder
Claude Opus 4.5,run2,155,4,Other Specified Depressive Disorder,F32.89,Intermittent explosive disorder
Claude Opus 4.5,run2,155,5,Antisocial Personality Disorder,F60.2,Intermittent explosive disorder
Claude Opus 4.5,run1,159,1,"Opioid Use Disorder, Moderate",F11.20,"1. Opioid use disorder
2. Tobacco use disorder
3. Alcohol use disorder, in remission
4. Major depressive disorder"
Claude Opus 4.5,run1,159,2,"Major Depressive Disorder, Recurrent, In Partial Remission",F33.41,"1. Opioid use disorder
2. Tobacco use disorder
3. Alcohol use disorder, in remission
4. Major depressive disorder"
Claude Opus 4.5,run1,159,3,"Tobacco Use Disorder, Severe",F17.200,"1. Opioid use disorder
2. Tobacco use disorder
3. Alcohol use disorder, in remission
4. Major depressive disorder"
Claude Opus 4.5,run1,159,4,"Alcohol Use Disorder, In Sustained Remission",F10.21,"1. Opioid use disorder
2. Tobacco use disorder
3. Alcohol use disorder, in remission
4. Major depressive disorder"
Claude Opus 4.5,run1,159,5,Opioid-Induced Depressive Disorder,F11.24,"1. Opioid use disorder
2. Tobacco use disorder
3. Alcohol use disorder, in remission
4. Major depressive disorder"
Claude Opus 4.5,run2,159,1,"Opioid Use Disorder, Severe",F11.20,"1. Opioid use disorder
2. Tobacco use disorder
3. Alcohol use disorder, in remission
4. Major depressive disorder"
Claude Opus 4.5,run2,159,2,"Major Depressive Disorder, Recurrent, in Partial Remission",F33.41,"1. Opioid use disorder
2. Tobacco use disorder
3. Alcohol use disorder, in remission
4. Major depressive disorder"
Claude Opus 4.5,run2,159,3,"Tobacco Use Disorder, Severe",F17.210,"1. Opioid use disorder
2. Tobacco use disorder
3. Alcohol use disorder, in remission
4. Major depressive disorder"
Claude Opus 4.5,run2,159,4,"Alcohol Use Disorder, in Sustained Remission",F10.21,"1. Opioid use disorder
2. Tobacco use disorder
3. Alcohol use disorder, in remission
4. Major depressive disorder"
Claude Opus 4.5,run2,159,5,Adjustment Disorder with Depressed Mood,F43.21,"1. Opioid use disorder
2. Tobacco use disorder
3. Alcohol use disorder, in remission
4. Major depressive disorder"
Claude Opus 4.5,run1,169,1,"Personality Change Due to Another Medical Condition , Combined Type",F07.0,"1. Mild neurocognitive disorder due to traumatic brain injury, with behavioral disturbance
2. Alcohol use disorder"
Claude Opus 4.5,run1,169,2,"Major Neurocognitive Disorder Due to Traumatic Brain Injury, With Behavioral Disturbance",F02.81,"1. Mild neurocognitive disorder due to traumatic brain injury, with behavioral disturbance
2. Alcohol use disorder"
Claude Opus 4.5,run1,169,3,"Alcohol Use Disorder, Moderate",F10.20,"1. Mild neurocognitive disorder due to traumatic brain injury, with behavioral disturbance
2. Alcohol use disorder"
Claude Opus 4.5,run1,169,4,"Cocaine Use Disorder, Mild",F14.10,"1. Mild neurocognitive disorder due to traumatic brain injury, with behavioral disturbance
2. Alcohol use disorder"
Claude Opus 4.5,run1,169,5,"Cannabis Use Disorder, Mild",F12.10,"1. Mild neurocognitive disorder due to traumatic brain injury, with behavioral disturbance
2. Alcohol use disorder"
Claude Opus 4.5,run2,169,1,Personality Change Due to Traumatic Brain Injury,F07.0,"1. Mild neurocognitive disorder due to traumatic brain injury, with behavioral disturbance
2. Alcohol use disorder"
Claude Opus 4.5,run2,169,2,"Major Neurocognitive Disorder Due to Traumatic Brain Injury, With Behavioral Disturbance",F02.81,"1. Mild neurocognitive disorder due to traumatic brain injury, with behavioral disturbance
2. Alcohol use disorder"
Claude Opus 4.5,run2,169,3,"Alcohol Use Disorder, Moderate",F10.20,"1. Mild neurocognitive disorder due to traumatic brain injury, with behavioral disturbance
2. Alcohol use disorder"
Claude Opus 4.5,run2,169,4,"Stimulant Use Disorder, Mild",F15.10,"1. Mild neurocognitive disorder due to traumatic brain injury, with behavioral disturbance
2. Alcohol use disorder"
Claude Opus 4.5,run2,169,5,"Cannabis Use Disorder, Mild",F12.10,"1. Mild neurocognitive disorder due to traumatic brain injury, with behavioral disturbance
2. Alcohol use disorder"
Claude Opus 4.5,run1,178,1,"Sedative, Hypnotic, or Anxiolytic Use Disorder, Moderate",F13.20,"1. Dependent personality disorder
2. Benzodiazepine use disorder"
Claude Opus 4.5,run1,178,2,Dependent Personality Disorder,F60.7,"1. Dependent personality disorder
2. Benzodiazepine use disorder"
Claude Opus 4.5,run1,178,3,Adjustment Disorder with Depressed Mood,F43.21,"1. Dependent personality disorder
2. Benzodiazepine use disorder"
Claude Opus 4.5,run1,178,4,Unspecified Anxiety Disorder,F41.9,"1. Dependent personality disorder
2. Benzodiazepine use disorder"
Claude Opus 4.5,run1,178,5,Persistent Depressive Disorder,F34.1,"1. Dependent personality disorder
2. Benzodiazepine use disorder"
Claude Opus 4.5,run2,178,1,"Sedative, Hypnotic, or Anxiolytic Use Disorder, Moderate",F13.20,"1. Dependent personality disorder
2. Benzodiazepine use disorder"
Claude Opus 4.5,run2,178,2,Dependent Personality Disorder,F60.7,"1. Dependent personality disorder
2. Benzodiazepine use disorder"
Claude Opus 4.5,run2,178,3,Adjustment Disorder with Depressed Mood,F43.21,"1. Dependent personality disorder
2. Benzodiazepine use disorder"
Claude Opus 4.5,run2,178,4,Unspecified Anxiety Disorder,F41.9,"1. Dependent personality disorder
2. Benzodiazepine use disorder"
Claude Opus 4.5,run2,178,5,Persistent Depressive Disorder,F34.1,"1. Dependent personality disorder
2. Benzodiazepine use disorder"
Claude Opus 4.5,run1,181,1,Fetishistic Disorder,F65.0,Fetishistic disorder
Claude Opus 4.5,run1,181,2,Transvestic Disorder,F65.1,Fetishistic disorder
Claude Opus 4.5,run1,181,3,Adjustment Disorder with Anxiety,F43.22,Fetishistic disorder
Claude Opus 4.5,run1,181,4,Unspecified Anxiety Disorder,F41.9,Fetishistic disorder
Claude Opus 4.5,run1,181,5,Insomnia Disorder,F51.01,Fetishistic disorder
Claude Opus 4.5,run2,181,1,Fetishistic Disorder,F65.0,Fetishistic disorder
Claude Opus 4.5,run2,181,2,Transvestic Disorder,F65.1,Fetishistic disorder
Claude Opus 4.5,run2,181,3,Adjustment Disorder with Anxiety,F43.22,Fetishistic disorder
Claude Opus 4.5,run2,181,4,Other Specified Paraphilic Disorder,F65.89,Fetishistic disorder
Claude Opus 4.5,run2,181,5,Unspecified Anxiety Disorder,F41.9,Fetishistic disorder
Claude Opus 4.5,run1,1003,1,"Bipolar I Disorder, Current Episode Manic, Severe",F31.13,"Bipolar disorder, current episode manic (F31.2)"
Claude Opus 4.5,run1,1003,2,Oppositional Defiant Disorder,F91.3,"Bipolar disorder, current episode manic (F31.2)"
Claude Opus 4.5,run1,1003,3,"Conduct Disorder, Adolescent-Onset Type",F91.2,"Bipolar disorder, current episode manic (F31.2)"
Claude Opus 4.5,run1,1003,4,"Attention-Deficit/Hyperactivity Disorder, Unspecified Type",F90.9,"Bipolar disorder, current episode manic (F31.2)"
Claude Opus 4.5,run1,1003,5,Intermittent Explosive Disorder,F63.81,"Bipolar disorder, current episode manic (F31.2)"
Claude Opus 4.5,run2,1003,1,"Bipolar I Disorder, Current Episode Manic, With Psychotic Features",F31.2,"Bipolar disorder, current episode manic (F31.2)"
Claude Opus 4.5,run2,1003,2,"Bipolar I Disorder, Current Episode Manic, Severe",F31.13,"Bipolar disorder, current episode manic (F31.2)"
Claude Opus 4.5,run2,1003,3,Disruptive Mood Dysregulation Disorder,F34.81,"Bipolar disorder, current episode manic (F31.2)"
Claude Opus 4.5,run2,1003,4,Oppositional Defiant Disorder,F91.3,"Bipolar disorder, current episode manic (F31.2)"
Claude Opus 4.5,run2,1003,5,"Attention-Deficit/Hyperactivity Disorder, Unspecified Type",F90.9,"Bipolar disorder, current episode manic (F31.2)"
Claude Opus 4.5,run1,1009,1,"Anorexia Nervosa, Binge-eating/purging type",F50.02,"Anorexia nervosa, restrictive type (F50.01)"
Claude Opus 4.5,run1,1009,2,"Anorexia Nervosa, Restricting type",F50.01,"Anorexia nervosa, restrictive type (F50.01)"
Claude Opus 4.5,run1,1009,3,Other Specified Feeding or Eating Disorder,F50.89,"Anorexia nervosa, restrictive type (F50.01)"
Claude Opus 4.5,run1,1009,4,Avoidant/Restrictive Food Intake Disorder,F50.82,"Anorexia nervosa, restrictive type (F50.01)"
Claude Opus 4.5,run1,1009,5,Bulimia Nervosa,F50.2,"Anorexia nervosa, restrictive type (F50.01)"
Claude Opus 4.5,run2,1009,1,"Anorexia Nervosa, Binge-eating/Purging Type",F50.02,"Anorexia nervosa, restrictive type (F50.01)"
Claude Opus 4.5,run2,1009,2,"Anorexia Nervosa, Restricting Type",F50.01,"Anorexia nervosa, restrictive type (F50.01)"
Claude Opus 4.5,run2,1009,3,Other Specified Feeding or Eating Disorder,F50.89,"Anorexia nervosa, restrictive type (F50.01)"
Claude Opus 4.5,run2,1009,4,Unspecified Feeding or Eating Disorder,F50.9,"Anorexia nervosa, restrictive type (F50.01)"
Claude Opus 4.5,run2,1009,5,Avoidant/Restrictive Food Intake Disorder,F50.82,"Anorexia nervosa, restrictive type (F50.01)"
Claude Opus 4.5,run1,1012,1,Autism Spectrum Disorder,F84.0,Autistic Disorder (F 84.0); Tourette Syndrome (F95.2)
Claude Opus 4.5,run1,1012,2,Tourette's Disorder,F95.2,Autistic Disorder (F 84.0); Tourette Syndrome (F95.2)
Claude Opus 4.5,run1,1012,3,Unspecified Intellectual Disability,F79,Autistic Disorder (F 84.0); Tourette Syndrome (F95.2)
Claude Opus 4.5,run1,1012,4,Unspecified Anxiety Disorder,F41.9,Autistic Disorder (F 84.0); Tourette Syndrome (F95.2)
Claude Opus 4.5,run1,1012,5,"Attention-Deficit/Hyperactivity Disorder, Unspecified Type",F90.9,Autistic Disorder (F 84.0); Tourette Syndrome (F95.2)
Claude Opus 4.5,run2,1012,1,Autism Spectrum Disorder,F84.0,Autistic Disorder (F 84.0); Tourette Syndrome (F95.2)
Claude Opus 4.5,run2,1012,2,Tourette's Disorder,F95.2,Autistic Disorder (F 84.0); Tourette Syndrome (F95.2)
Claude Opus 4.5,run2,1012,3,Stereotypic Movement Disorder with self-injurious behavior,F98.4,Autistic Disorder (F 84.0); Tourette Syndrome (F95.2)
Claude Opus 4.5,run2,1012,4,Unspecified Intellectual Disability,F79,Autistic Disorder (F 84.0); Tourette Syndrome (F95.2)
Claude Opus 4.5,run2,1012,5,Language Disorder,F80.2,Autistic Disorder (F 84.0); Tourette Syndrome (F95.2)
Claude Opus 4.5,run1,1013,1,Global Developmental Delay,F88,Cri-du-chat Syndrome (Q93.4) vs Unspecified neurodevelopmental disorder (F89.0)
Claude Opus 4.5,run1,1013,2,Unspecified Intellectual Developmental Disorder,F79,Cri-du-chat Syndrome (Q93.4) vs Unspecified neurodevelopmental disorder (F89.0)
Claude Opus 4.5,run1,1013,3,Developmental Coordination Disorder,F82,Cri-du-chat Syndrome (Q93.4) vs Unspecified neurodevelopmental disorder (F89.0)
Claude Opus 4.5,run1,1013,4,Unspecified Communication Disorder,F80.9,Cri-du-chat Syndrome (Q93.4) vs Unspecified neurodevelopmental disorder (F89.0)
Claude Opus 4.5,run1,1013,5,Unspecified Disorder of Psychological Development,F89,Cri-du-chat Syndrome (Q93.4) vs Unspecified neurodevelopmental disorder (F89.0)
Claude Opus 4.5,run2,1013,1,Global Developmental Delay,F88,Cri-du-chat Syndrome (Q93.4) vs Unspecified neurodevelopmental disorder (F89.0)
Claude Opus 4.5,run2,1013,2,Unspecified Intellectual Disability,F79,Cri-du-chat Syndrome (Q93.4) vs Unspecified neurodevelopmental disorder (F89.0)
Claude Opus 4.5,run2,1013,3,Unspecified Neurodevelopmental Disorder,F89,Cri-du-chat Syndrome (Q93.4) vs Unspecified neurodevelopmental disorder (F89.0)
Claude Opus 4.5,run2,1013,4,Unspecified Communication Disorder,F80.9,Cri-du-chat Syndrome (Q93.4) vs Unspecified neurodevelopmental disorder (F89.0)
Claude Opus 4.5,run2,1013,5,Speech Sound Disorder,F80.0,Cri-du-chat Syndrome (Q93.4) vs Unspecified neurodevelopmental disorder (F89.0)
Claude Opus 4.5,run1,1020,1,Obsessive-Compulsive Disorder,F42.2,"Obsessive-Compulsive Disorder (F42.2); Major Depressive Disorder (moderate, recurrent) (F33.1); Social Anxiety Disorder (F40.10); Excoriation Disorder (F42.4); Other Specified Eating Disorder: bulimia nervosa (of low frequency and limited duration) (F50.89)"
Claude Opus 4.5,run1,1020,2,"Major Depressive Disorder, Recurrent, Moderate",F33.1,"Obsessive-Compulsive Disorder (F42.2); Major Depressive Disorder (moderate, recurrent) (F33.1); Social Anxiety Disorder (F40.10); Excoriation Disorder (F42.4); Other Specified Eating Disorder: bulimia nervosa (of low frequency and limited duration) (F50.89)"
Claude Opus 4.5,run1,1020,3,Excoriation  Disorder,F42.4,"Obsessive-Compulsive Disorder (F42.2); Major Depressive Disorder (moderate, recurrent) (F33.1); Social Anxiety Disorder (F40.10); Excoriation Disorder (F42.4); Other Specified Eating Disorder: bulimia nervosa (of low frequency and limited duration) (F50.89)"
Claude Opus 4.5,run1,1020,4,Social Anxiety Disorder,F40.10,"Obsessive-Compulsive Disorder (F42.2); Major Depressive Disorder (moderate, recurrent) (F33.1); Social Anxiety Disorder (F40.10); Excoriation Disorder (F42.4); Other Specified Eating Disorder: bulimia nervosa (of low frequency and limited duration) (F50.89)"
Claude Opus 4.5,run1,1020,5,"Attention-Deficit/Hyperactivity Disorder, Unspecified Type",F90.9,"Obsessive-Compulsive Disorder (F42.2); Major Depressive Disorder (moderate, recurrent) (F33.1); Social Anxiety Disorder (F40.10); Excoriation Disorder (F42.4); Other Specified Eating Disorder: bulimia nervosa (of low frequency and limited duration) (F50.89)"
Claude Opus 4.5,run2,1020,1,Obsessive-Compulsive Disorder,F42.2,"Obsessive-Compulsive Disorder (F42.2); Major Depressive Disorder (moderate, recurrent) (F33.1); Social Anxiety Disorder (F40.10); Excoriation Disorder (F42.4); Other Specified Eating Disorder: bulimia nervosa (of low frequency and limited duration) (F50.89)"
Claude Opus 4.5,run2,1020,2,Excoriation  Disorder,F42.4,"Obsessive-Compulsive Disorder (F42.2); Major Depressive Disorder (moderate, recurrent) (F33.1); Social Anxiety Disorder (F40.10); Excoriation Disorder (F42.4); Other Specified Eating Disorder: bulimia nervosa (of low frequency and limited duration) (F50.89)"
Claude Opus 4.5,run2,1020,3,"Major Depressive Disorder, Recurrent, Moderate",F33.1,"Obsessive-Compulsive Disorder (F42.2); Major Depressive Disorder (moderate, recurrent) (F33.1); Social Anxiety Disorder (F40.10); Excoriation Disorder (F42.4); Other Specified Eating Disorder: bulimia nervosa (of low frequency and limited duration) (F50.89)"
Claude Opus 4.5,run2,1020,4,Social Anxiety Disorder,F40.10,"Obsessive-Compulsive Disorder (F42.2); Major Depressive Disorder (moderate, recurrent) (F33.1); Social Anxiety Disorder (F40.10); Excoriation Disorder (F42.4); Other Specified Eating Disorder: bulimia nervosa (of low frequency and limited duration) (F50.89)"
Claude Opus 4.5,run2,1020,5,"Attention-Deficit/Hyperactivity Disorder, Unspecified Type",F90.9,"Obsessive-Compulsive Disorder (F42.2); Major Depressive Disorder (moderate, recurrent) (F33.1); Social Anxiety Disorder (F40.10); Excoriation Disorder (F42.4); Other Specified Eating Disorder: bulimia nervosa (of low frequency and limited duration) (F50.89)"
Claude Opus 4.5,run1,1021,1,Obsessive-Compulsive Disorder,F42.2,"Obsessive-compulsive disorder (F42.2); Anorexia nervosa, restricting type, in partial remission (F50.014); Major depressive disorder, recurrent, in partial remission (F33.41)"
Claude Opus 4.5,run1,1021,2,"Anorexia Nervosa, restricting type",F50.01,"Obsessive-compulsive disorder (F42.2); Anorexia nervosa, restricting type, in partial remission (F50.014); Major depressive disorder, recurrent, in partial remission (F33.41)"
Claude Opus 4.5,run1,1021,3,"Major Depressive Disorder, single episode, in partial remission",F32.4,"Obsessive-compulsive disorder (F42.2); Anorexia nervosa, restricting type, in partial remission (F50.014); Major depressive disorder, recurrent, in partial remission (F33.41)"
Claude Opus 4.5,run1,1021,4,Generalized Anxiety Disorder,F41.1,"Obsessive-compulsive disorder (F42.2); Anorexia nervosa, restricting type, in partial remission (F50.014); Major depressive disorder, recurrent, in partial remission (F33.41)"
Claude Opus 4.5,run1,1021,5,Other Specified Feeding or Eating Disorder,F50.89,"Obsessive-compulsive disorder (F42.2); Anorexia nervosa, restricting type, in partial remission (F50.014); Major depressive disorder, recurrent, in partial remission (F33.41)"
Claude Opus 4.5,run2,1021,1,Obsessive-Compulsive Disorder,F42.2,"Obsessive-compulsive disorder (F42.2); Anorexia nervosa, restricting type, in partial remission (F50.014); Major depressive disorder, recurrent, in partial remission (F33.41)"
Claude Opus 4.5,run2,1021,2,"Anorexia Nervosa, Restricting Type",F50.01,"Obsessive-compulsive disorder (F42.2); Anorexia nervosa, restricting type, in partial remission (F50.014); Major depressive disorder, recurrent, in partial remission (F33.41)"
Claude Opus 4.5,run2,1021,3,"Major Depressive Disorder, Single Episode, In Partial Remission",F32.4,"Obsessive-compulsive disorder (F42.2); Anorexia nervosa, restricting type, in partial remission (F50.014); Major depressive disorder, recurrent, in partial remission (F33.41)"
Claude Opus 4.5,run2,1021,4,Generalized Anxiety Disorder,F41.1,"Obsessive-compulsive disorder (F42.2); Anorexia nervosa, restricting type, in partial remission (F50.014); Major depressive disorder, recurrent, in partial remission (F33.41)"
Claude Opus 4.5,run2,1021,5,Trichotillomania,F63.3,"Obsessive-compulsive disorder (F42.2); Anorexia nervosa, restricting type, in partial remission (F50.014); Major depressive disorder, recurrent, in partial remission (F33.41)"
Claude Opus 4.5,run1,1032,1,Disruptive Mood Dysregulation Disorder,F34.81,Disruptive mood dysregulation disorder (F34.81)
Claude Opus 4.5,run1,1032,2,Oppositional Defiant Disorder,F91.3,Disruptive mood dysregulation disorder (F34.81)
Claude Opus 4.5,run1,1032,3,"Conduct Disorder, childhood-onset type",F91.1,Disruptive mood dysregulation disorder (F34.81)
Claude Opus 4.5,run1,1032,4,Unspecified Trauma- and Stressor-Related Disorder,F43.9,Disruptive mood dysregulation disorder (F34.81)
Claude Opus 4.5,run1,1032,5,"Attention-Deficit/Hyperactivity Disorder, unspecified type",F90.9,Disruptive mood dysregulation disorder (F34.81)
Claude Opus 4.5,run2,1032,1,Disruptive Mood Dysregulation Disorder,F34.81,Disruptive mood dysregulation disorder (F34.81)
Claude Opus 4.5,run2,1032,2,"Attention-Deficit/Hyperactivity Disorder, unspecified type",F90.9,Disruptive mood dysregulation disorder (F34.81)
Claude Opus 4.5,run2,1032,3,Disinhibited Social Engagement Disorder,F94.2,Disruptive mood dysregulation disorder (F34.81)
Claude Opus 4.5,run2,1032,4,"Conduct Disorder, childhood-onset type",F91.1,Disruptive mood dysregulation disorder (F34.81)
Claude Opus 4.5,run2,1032,5,Unspecified Trauma- and Stressor-Related Disorder,F43.9,Disruptive mood dysregulation disorder (F34.81)
Claude Opus 4.5,run1,1033,1,Oppositional Defiant Disorder,F91.3,Oppositional defiant disorder (F91.3)
Claude Opus 4.5,run1,1033,2,"Conduct Disorder, unspecified onset",F91.9,Oppositional defiant disorder (F91.3)
Claude Opus 4.5,run1,1033,3,"Attention-Deficit/Hyperactivity Disorder, unspecified type",F90.9,Oppositional defiant disorder (F91.3)
Claude Opus 4.5,run1,1033,4,Disruptive Mood Dysregulation Disorder,F34.81,Oppositional defiant disorder (F91.3)
Claude Opus 4.5,run1,1033,5,Adjustment Disorder with disturbance of conduct,F43.24,Oppositional defiant disorder (F91.3)
Claude Opus 4.5,run2,1033,1,Oppositional Defiant Disorder,F91.3,Oppositional defiant disorder (F91.3)
Claude Opus 4.5,run2,1033,2,"Conduct Disorder, childhood-onset type",F91.1,Oppositional defiant disorder (F91.3)
Claude Opus 4.5,run2,1033,3,"Attention-Deficit/Hyperactivity Disorder, unspecified type",F90.9,Oppositional defiant disorder (F91.3)
Claude Opus 4.5,run2,1033,4,Disruptive Mood Dysregulation Disorder,F34.81,Oppositional defiant disorder (F91.3)
Claude Opus 4.5,run2,1033,5,Adjustment Disorder with disturbance of conduct,F43.24,Oppositional defiant disorder (F91.3)
Claude Opus 4.5,run1,1047,1,Phencyclidine-induced psychotic disorder,F16.959,"F19.150 other psychoactive substance abuse with psychoactive substance induced psychotic disorder with delusions, F15.10 Other stimulant abuse, F12.1 Cannabis abuse"
Claude Opus 4.5,run1,1047,2,"Methamphetamine use disorder, moderate",F15.20,"F19.150 other psychoactive substance abuse with psychoactive substance induced psychotic disorder with delusions, F15.10 Other stimulant abuse, F12.1 Cannabis abuse"
Claude Opus 4.5,run1,1047,3,"Cannabis use disorder, moderate",F12.20,"F19.150 other psychoactive substance abuse with psychoactive substance induced psychotic disorder with delusions, F15.10 Other stimulant abuse, F12.1 Cannabis abuse"
Claude Opus 4.5,run1,1047,4,"Phencyclidine use disorder, mild",F16.10,"F19.150 other psychoactive substance abuse with psychoactive substance induced psychotic disorder with delusions, F15.10 Other stimulant abuse, F12.1 Cannabis abuse"
Claude Opus 4.5,run1,1047,5,Amphetamine-type stimulant-induced psychotic disorder,F15.959,"F19.150 other psychoactive substance abuse with psychoactive substance induced psychotic disorder with delusions, F15.10 Other stimulant abuse, F12.1 Cannabis abuse"
Claude Opus 4.5,run2,1047,1,Phencyclidine-Induced Psychotic Disorder,F16.959,"F19.150 other psychoactive substance abuse with psychoactive substance induced psychotic disorder with delusions, F15.10 Other stimulant abuse, F12.1 Cannabis abuse"
Claude Opus 4.5,run2,1047,2,"Methamphetamine Use Disorder, Moderate",F15.20,"F19.150 other psychoactive substance abuse with psychoactive substance induced psychotic disorder with delusions, F15.10 Other stimulant abuse, F12.1 Cannabis abuse"
Claude Opus 4.5,run2,1047,3,"Cannabis Use Disorder, Moderate",F12.20,"F19.150 other psychoactive substance abuse with psychoactive substance induced psychotic disorder with delusions, F15.10 Other stimulant abuse, F12.1 Cannabis abuse"
Claude Opus 4.5,run2,1047,4,Phencyclidine Use Disorder,F16.20,"F19.150 other psychoactive substance abuse with psychoactive substance induced psychotic disorder with delusions, F15.10 Other stimulant abuse, F12.1 Cannabis abuse"
Claude Opus 4.5,run2,1047,5,Unspecified Schizophrenia Spectrum and Other Psychotic Disorder,F29,"F19.150 other psychoactive substance abuse with psychoactive substance induced psychotic disorder with delusions, F15.10 Other stimulant abuse, F12.1 Cannabis abuse"
Claude Opus 4.5,run1,1049,1,"Major depressive disorder, recurrent, severe",F33.2,Cataonia associated with another mental disorder (F06.1)
Claude Opus 4.5,run1,1049,2,Catatonia associated with another mental disorder,F06.1,Cataonia associated with another mental disorder (F06.1)
Claude Opus 4.5,run1,1049,3,"Major depressive disorder, recurrent episode, severe with psychotic features",F33.3,Cataonia associated with another mental disorder (F06.1)
Claude Opus 4.5,run1,1049,4,Catatonic schizophrenia,F20.2,Cataonia associated with another mental disorder (F06.1)
Claude Opus 4.5,run1,1049,5,Unspecified schizophrenia spectrum and other psychotic disorder,F29,Cataonia associated with another mental disorder (F06.1)
Claude Opus 4.5,run2,1049,1,"Major depressive disorder, recurrent episode, severe",F33.2,Cataonia associated with another mental disorder (F06.1)
Claude Opus 4.5,run2,1049,2,Catatonia associated with another mental disorder,F06.1,Cataonia associated with another mental disorder (F06.1)
Claude Opus 4.5,run2,1049,3,Unspecified schizophrenia spectrum and other psychotic disorder,F29,Cataonia associated with another mental disorder (F06.1)
Claude Opus 4.5,run2,1049,4,Schizophreniform disorder,F20.81,Cataonia associated with another mental disorder (F06.1)
Claude Opus 4.5,run2,1049,5,Brief psychotic disorder,F23,Cataonia associated with another mental disorder (F06.1)
Claude Opus 4.5,run1,1056,1,"Conduct Disorder, childhood-onset type",F91.1,Disruptive Mood Dysregulation Disorder (DMDD) (F34.81)
Claude Opus 4.5,run1,1056,2,Disruptive Mood Dysregulation Disorder,F34.81,Disruptive Mood Dysregulation Disorder (DMDD) (F34.81)
Claude Opus 4.5,run1,1056,3,"Attention-Deficit/Hyperactivity Disorder, unspecified type",F90.9,Disruptive Mood Dysregulation Disorder (DMDD) (F34.81)
Claude Opus 4.5,run1,1056,4,"Major Depressive Disorder, single episode, unspecified",F32.9,Disruptive Mood Dysregulation Disorder (DMDD) (F34.81)
Claude Opus 4.5,run1,1056,5,Social Anxiety Disorder,F40.10,Disruptive Mood Dysregulation Disorder (DMDD) (F34.81)
Claude Opus 4.5,run2,1056,1,Disruptive Mood Dysregulation Disorder,F34.81,Disruptive Mood Dysregulation Disorder (DMDD) (F34.81)
Claude Opus 4.5,run2,1056,2,"Conduct Disorder, childhood-onset type",F91.1,Disruptive Mood Dysregulation Disorder (DMDD) (F34.81)
Claude Opus 4.5,run2,1056,3,"Attention-Deficit/Hyperactivity Disorder, unspecified type",F90.9,Disruptive Mood Dysregulation Disorder (DMDD) (F34.81)
Claude Opus 4.5,run2,1056,4,Social Anxiety Disorder,F40.10,Disruptive Mood Dysregulation Disorder (DMDD) (F34.81)
Claude Opus 4.5,run2,1056,5,"Specific Learning Disorder, unspecified",F81.9,Disruptive Mood Dysregulation Disorder (DMDD) (F34.81)
Gemini 3 Pro,run1,17,1,"Schizoaffective disorder, bipolar type",F25.0,Schizoaffective disorder
Gemini 3 Pro,run1,17,2,"Cannabis use disorder, severe",F12.20,Schizoaffective disorder
Gemini 3 Pro,run1,17,3,Catatonia associated with another mental disorder,F06.1,Schizoaffective disorder
Gemini 3 Pro,run1,17,4,Posttraumatic stress disorder,F43.10,Schizoaffective disorder
Gemini 3 Pro,run1,17,5,Exhibitionistic disorder,F65.2,Schizoaffective disorder
Gemini 3 Pro,run2,17,1,"Schizoaffective disorder, bipolar type",F25.0,Schizoaffective disorder
Gemini 3 Pro,run2,17,2,"Cannabis use disorder, severe",F12.20,Schizoaffective disorder
Gemini 3 Pro,run2,17,3,Catatonia associated with another mental disorder,F06.1,Schizoaffective disorder
Gemini 3 Pro,run2,17,4,Schizophrenia,F20.9,Schizoaffective disorder
Gemini 3 Pro,run2,17,5,"Bipolar I disorder, current episode manic, severe, with psychotic features",F31.2,Schizoaffective disorder
Gemini 3 Pro,run1,23,1,Substance/Medication-Induced Psychotic Disorder,F19.959,Levetiracetam-induced acute psychosis
Gemini 3 Pro,run1,23,2,Psychotic disorder with delusions due to another medical condition,F06.2,Levetiracetam-induced acute psychosis
Gemini 3 Pro,run1,23,3,Delirium due to known physiological condition,F05,Levetiracetam-induced acute psychosis
Gemini 3 Pro,run1,23,4,Agoraphobia,F40.00,Levetiracetam-induced acute psychosis
Gemini 3 Pro,run1,23,5,Brief psychotic disorder,F23,Levetiracetam-induced acute psychosis
Gemini 3 Pro,run2,23,1,Substance/Medication-Induced Psychotic Disorder,F19.959,Levetiracetam-induced acute psychosis
Gemini 3 Pro,run2,23,2,Psychotic Disorder Due to Another Medical Condition,F06.2,Levetiracetam-induced acute psychosis
Gemini 3 Pro,run2,23,3,Agoraphobia,F40.00,Levetiracetam-induced acute psychosis
Gemini 3 Pro,run2,23,4,Anxiety Disorder Due to Another Medical Condition,F06.4,Levetiracetam-induced acute psychosis
Gemini 3 Pro,run2,23,5,Delirium,F05,Levetiracetam-induced acute psychosis
Gemini 3 Pro,run1,32,1,Posttraumatic stress disorder,F43.10,"Autism Spectrum Disorder, Major Depressive Disorder (MDD), Unspecified Anxiety Disorder, and Posttraumatic Stress Disorder (PTSD)"
Gemini 3 Pro,run1,32,2,Borderline personality disorder,F60.3,"Autism Spectrum Disorder, Major Depressive Disorder (MDD), Unspecified Anxiety Disorder, and Posttraumatic Stress Disorder (PTSD)"
Gemini 3 Pro,run1,32,3,Intermittent explosive disorder,F63.81,"Autism Spectrum Disorder, Major Depressive Disorder (MDD), Unspecified Anxiety Disorder, and Posttraumatic Stress Disorder (PTSD)"
Gemini 3 Pro,run1,32,4,Autism spectrum disorder,F84.0,"Autism Spectrum Disorder, Major Depressive Disorder (MDD), Unspecified Anxiety Disorder, and Posttraumatic Stress Disorder (PTSD)"
Gemini 3 Pro,run1,32,5,"Major depressive disorder, recurrent, severe",F33.2,"Autism Spectrum Disorder, Major Depressive Disorder (MDD), Unspecified Anxiety Disorder, and Posttraumatic Stress Disorder (PTSD)"
Gemini 3 Pro,run2,32,1,Posttraumatic stress disorder,F43.10,"Autism Spectrum Disorder, Major Depressive Disorder (MDD), Unspecified Anxiety Disorder, and Posttraumatic Stress Disorder (PTSD)"
Gemini 3 Pro,run2,32,2,Borderline personality disorder,F60.3,"Autism Spectrum Disorder, Major Depressive Disorder (MDD), Unspecified Anxiety Disorder, and Posttraumatic Stress Disorder (PTSD)"
Gemini 3 Pro,run2,32,3,Autism spectrum disorder,F84.0,"Autism Spectrum Disorder, Major Depressive Disorder (MDD), Unspecified Anxiety Disorder, and Posttraumatic Stress Disorder (PTSD)"
Gemini 3 Pro,run2,32,4,"Major depressive disorder, recurrent, severe",F33.2,"Autism Spectrum Disorder, Major Depressive Disorder (MDD), Unspecified Anxiety Disorder, and Posttraumatic Stress Disorder (PTSD)"
Gemini 3 Pro,run2,32,5,Dissociative amnesia,F44.0,"Autism Spectrum Disorder, Major Depressive Disorder (MDD), Unspecified Anxiety Disorder, and Posttraumatic Stress Disorder (PTSD)"
Gemini 3 Pro,run1,62,1,"Functional neurological symptom disorder , with attacks or seizures",F44.5,Functional seizures.
Gemini 3 Pro,run1,62,2,Posttraumatic stress disorder,F43.10,Functional seizures.
Gemini 3 Pro,run1,62,3,Panic disorder,F41.0,Functional seizures.
Gemini 3 Pro,run1,62,4,Agoraphobia,F40.00,Functional seizures.
Gemini 3 Pro,run1,62,5,"Major depressive disorder, recurrent, unspecified",F33.9,Functional seizures.
Gemini 3 Pro,run2,62,1,"Functional Neurological Symptom Disorder , with attacks or seizures",F44.5,Functional seizures.
Gemini 3 Pro,run2,62,2,Post-Traumatic Stress Disorder,F43.10,Functional seizures.
Gemini 3 Pro,run2,62,3,Panic Disorder,F41.0,Functional seizures.
Gemini 3 Pro,run2,62,4,Agoraphobia,F40.00,Functional seizures.
Gemini 3 Pro,run2,62,5,"Major Depressive Disorder, Unspecified",F32.9,Functional seizures.
Gemini 3 Pro,run1,80,1,Autism Spectrum Disorder,F84.0,"1. Intellectual developmental disorder (intellectual disability), severe
2. Autism spectrum disorder, with accompanying intellectual and language impairments, associated with Kleefstra syndrome"
Gemini 3 Pro,run1,80,2,Severe Intellectual Developmental Disorder,F72,"1. Intellectual developmental disorder (intellectual disability), severe
2. Autism spectrum disorder, with accompanying intellectual and language impairments, associated with Kleefstra syndrome"
Gemini 3 Pro,run1,80,3,Depressive Disorder Due to Another Medical Condition,F06.32,"1. Intellectual developmental disorder (intellectual disability), severe
2. Autism spectrum disorder, with accompanying intellectual and language impairments, associated with Kleefstra syndrome"
Gemini 3 Pro,run1,80,4,Stereotypic Movement Disorder,F98.1,"1. Intellectual developmental disorder (intellectual disability), severe
2. Autism spectrum disorder, with accompanying intellectual and language impairments, associated with Kleefstra syndrome"
Gemini 3 Pro,run1,80,5,Mixed Receptive-Expressive Language Disorder,F80.2,"1. Intellectual developmental disorder (intellectual disability), severe
2. Autism spectrum disorder, with accompanying intellectual and language impairments, associated with Kleefstra syndrome"
Gemini 3 Pro,run2,80,1,Autism spectrum disorder,F84.0,"1. Intellectual developmental disorder (intellectual disability), severe
2. Autism spectrum disorder, with accompanying intellectual and language impairments, associated with Kleefstra syndrome"
Gemini 3 Pro,run2,80,2,Moderate intellectual disability,F71,"1. Intellectual developmental disorder (intellectual disability), severe
2. Autism spectrum disorder, with accompanying intellectual and language impairments, associated with Kleefstra syndrome"
Gemini 3 Pro,run2,80,3,Stereotypic movement disorder,F98.1,"1. Intellectual developmental disorder (intellectual disability), severe
2. Autism spectrum disorder, with accompanying intellectual and language impairments, associated with Kleefstra syndrome"
Gemini 3 Pro,run2,80,4,Depressive disorder due to another medical condition,F06.31,"1. Intellectual developmental disorder (intellectual disability), severe
2. Autism spectrum disorder, with accompanying intellectual and language impairments, associated with Kleefstra syndrome"
Gemini 3 Pro,run2,80,5,Mixed receptive-expressive language disorder,F80.2,"1. Intellectual developmental disorder (intellectual disability), severe
2. Autism spectrum disorder, with accompanying intellectual and language impairments, associated with Kleefstra syndrome"
Gemini 3 Pro,run1,85,1,Schizophrenia,F20.9,"Schizophrenia, multiple episodes, currently in acute episode"
Gemini 3 Pro,run1,85,2,Unspecified Intellectual Disability,F79,"Schizophrenia, multiple episodes, currently in acute episode"
Gemini 3 Pro,run1,85,3,Autism Spectrum Disorder,F84.0,"Schizophrenia, multiple episodes, currently in acute episode"
Gemini 3 Pro,run1,85,4,"Impulse disorder, unspecified",F63.9,"Schizophrenia, multiple episodes, currently in acute episode"
Gemini 3 Pro,run1,85,5,Acute Stress Reaction,F43.0,"Schizophrenia, multiple episodes, currently in acute episode"
Gemini 3 Pro,run2,85,1,Schizophrenia,F20.9,"Schizophrenia, multiple episodes, currently in acute episode"
Gemini 3 Pro,run2,85,2,Catatonia Associated with Another Mental Disorder,F06.1,"Schizophrenia, multiple episodes, currently in acute episode"
Gemini 3 Pro,run2,85,3,Unspecified Intellectual Disability,F79,"Schizophrenia, multiple episodes, currently in acute episode"
Gemini 3 Pro,run2,85,4,Autism Spectrum Disorder,F84.0,"Schizophrenia, multiple episodes, currently in acute episode"
Gemini 3 Pro,run2,85,5,Unspecified Impulse-Control Disorder,F63.9,"Schizophrenia, multiple episodes, currently in acute episode"
Gemini 3 Pro,run1,94,1,Bipolar II disorder,F31.81,"1. Bipolar II disorder, current episode depressed; high level of concern about suicide
2. Unspecified anxiety disorder"
Gemini 3 Pro,run1,94,2,Panic disorder,F41.0,"1. Bipolar II disorder, current episode depressed; high level of concern about suicide
2. Unspecified anxiety disorder"
Gemini 3 Pro,run1,94,3,Borderline personality disorder,F60.3,"1. Bipolar II disorder, current episode depressed; high level of concern about suicide
2. Unspecified anxiety disorder"
Gemini 3 Pro,run1,94,4,"Alcohol use disorder, in early remission",F10.11,"1. Bipolar II disorder, current episode depressed; high level of concern about suicide
2. Unspecified anxiety disorder"
Gemini 3 Pro,run1,94,5,"Cannabis use disorder, in early remission",F12.11,"1. Bipolar II disorder, current episode depressed; high level of concern about suicide
2. Unspecified anxiety disorder"
Gemini 3 Pro,run2,94,1,Bipolar II Disorder,F31.81,"1. Bipolar II disorder, current episode depressed; high level of concern about suicide
2. Unspecified anxiety disorder"
Gemini 3 Pro,run2,94,2,Borderline Personality Disorder,F60.3,"1. Bipolar II disorder, current episode depressed; high level of concern about suicide
2. Unspecified anxiety disorder"
Gemini 3 Pro,run2,94,3,Panic Disorder,F41.0,"1. Bipolar II disorder, current episode depressed; high level of concern about suicide
2. Unspecified anxiety disorder"
Gemini 3 Pro,run2,94,4,Depersonalization-Derealization Disorder,F48.1,"1. Bipolar II disorder, current episode depressed; high level of concern about suicide
2. Unspecified anxiety disorder"
Gemini 3 Pro,run2,94,5,"Alcohol Use Disorder, in early remission",F10.11,"1. Bipolar II disorder, current episode depressed; high level of concern about suicide
2. Unspecified anxiety disorder"
Gemini 3 Pro,run1,97,1,"Bipolar I disorder, current episode manic, severe, with psychotic features",F31.2,"Bipolar and related disorder due to HIV infection, with manic features"
Gemini 3 Pro,run1,97,2,"Stimulant use disorder, severe",F15.20,"Bipolar and related disorder due to HIV infection, with manic features"
Gemini 3 Pro,run1,97,3,Mild neurocognitive disorder due to another medical condition,F06.7,"Bipolar and related disorder due to HIV infection, with manic features"
Gemini 3 Pro,run1,97,4,"Alcohol use disorder, severe",F10.20,"Bipolar and related disorder due to HIV infection, with manic features"
Gemini 3 Pro,run1,97,5,Psychological factors affecting other medical conditions,F54,"Bipolar and related disorder due to HIV infection, with manic features"
Gemini 3 Pro,run2,97,1,"Bipolar I disorder, current episode manic, severe, with psychotic features",F31.2,"Bipolar and related disorder due to HIV infection, with manic features"
Gemini 3 Pro,run2,97,2,Mild neurocognitive disorder due to known physiological condition,F06.7,"Bipolar and related disorder due to HIV infection, with manic features"
Gemini 3 Pro,run2,97,3,"Stimulant use disorder, amphetamine-type",F15.20,"Bipolar and related disorder due to HIV infection, with manic features"
Gemini 3 Pro,run2,97,4,Alcohol use disorder,F10.20,"Bipolar and related disorder due to HIV infection, with manic features"
Gemini 3 Pro,run2,97,5,Psychological factors affecting other medical conditions,F54,"Bipolar and related disorder due to HIV infection, with manic features"
Gemini 3 Pro,run1,99,1,"Bipolar I disorder, current episode manic, severe with psychotic features",F31.2,"Bipolar I disorder, current episode manic, severe, with psychotic features, with peripartum onset"
Gemini 3 Pro,run1,99,2,Brief psychotic disorder,F23,"Bipolar I disorder, current episode manic, severe, with psychotic features, with peripartum onset"
Gemini 3 Pro,run1,99,3,"Schizoaffective disorder, bipolar type",F25.0,"Bipolar I disorder, current episode manic, severe, with psychotic features, with peripartum onset"
Gemini 3 Pro,run1,99,4,"Major depressive disorder, recurrent, severe with psychotic symptoms",F33.3,"Bipolar I disorder, current episode manic, severe, with psychotic features, with peripartum onset"
Gemini 3 Pro,run1,99,5,Unspecified bipolar and related disorder,F31.9,"Bipolar I disorder, current episode manic, severe, with psychotic features, with peripartum onset"
Gemini 3 Pro,run2,99,1,"Bipolar I disorder, current episode manic, severe, with psychotic features",F31.2,"Bipolar I disorder, current episode manic, severe, with psychotic features, with peripartum onset"
Gemini 3 Pro,run2,99,2,Brief psychotic disorder,F23,"Bipolar I disorder, current episode manic, severe, with psychotic features, with peripartum onset"
Gemini 3 Pro,run2,99,3,"Schizoaffective disorder, bipolar type",F25.0,"Bipolar I disorder, current episode manic, severe, with psychotic features, with peripartum onset"
Gemini 3 Pro,run2,99,4,"Major depressive disorder, recurrent, severe with psychotic symptoms",F33.3,"Bipolar I disorder, current episode manic, severe, with psychotic features, with peripartum onset"
Gemini 3 Pro,run2,99,5,Unspecified bipolar and related disorder,F31.9,"Bipolar I disorder, current episode manic, severe, with psychotic features, with peripartum onset"
Gemini 3 Pro,run1,104,1,"Major depressive disorder, single episode, severe with psychotic features",F32.3,"Major depressive disorder, single episode, moderate, with psychotic features"
Gemini 3 Pro,run1,104,2,"Schizoaffective disorder, depressive type",F25.1,"Major depressive disorder, single episode, moderate, with psychotic features"
Gemini 3 Pro,run1,104,3,"Bipolar I disorder, current episode depressed, severe with psychotic features",F31.5,"Major depressive disorder, single episode, moderate, with psychotic features"
Gemini 3 Pro,run1,104,4,"Alcohol use disorder, mild",F10.10,"Major depressive disorder, single episode, moderate, with psychotic features"
Gemini 3 Pro,run1,104,5,Delusional disorder,F22,"Major depressive disorder, single episode, moderate, with psychotic features"
Gemini 3 Pro,run2,104,1,"Major depressive disorder, single episode, severe with psychotic features",F32.3,"Major depressive disorder, single episode, moderate, with psychotic features"
Gemini 3 Pro,run2,104,2,"Schizoaffective disorder, depressive type",F25.1,"Major depressive disorder, single episode, moderate, with psychotic features"
Gemini 3 Pro,run2,104,3,"Bipolar I disorder, current episode depressed, severe with psychotic features",F31.5,"Major depressive disorder, single episode, moderate, with psychotic features"
Gemini 3 Pro,run2,104,4,Delusional disorder,F22,"Major depressive disorder, single episode, moderate, with psychotic features"
Gemini 3 Pro,run2,104,5,"Alcohol use disorder, mild",F10.10,"Major depressive disorder, single episode, moderate, with psychotic features"
Gemini 3 Pro,run1,108,1,Substance/medication-induced depressive disorder,F14.24,"1. Cocaine use disorder, moderate
2. Substance (cocaine)-induced depressive disorder"
Gemini 3 Pro,run1,108,2,Cocaine use disorder,F14.20,"1. Cocaine use disorder, moderate
2. Substance (cocaine)-induced depressive disorder"
Gemini 3 Pro,run1,108,3,Alcohol use disorder,F10.20,"1. Cocaine use disorder, moderate
2. Substance (cocaine)-induced depressive disorder"
Gemini 3 Pro,run1,108,4,Major depressive disorder,F32.2,"1. Cocaine use disorder, moderate
2. Substance (cocaine)-induced depressive disorder"
Gemini 3 Pro,run1,108,5,Adjustment disorder with mixed anxiety and depressed mood,F43.23,"1. Cocaine use disorder, moderate
2. Substance (cocaine)-induced depressive disorder"
Gemini 3 Pro,run2,108,1,Cocaine-induced depressive disorder,F14.24,"1. Cocaine use disorder, moderate
2. Substance (cocaine)-induced depressive disorder"
Gemini 3 Pro,run2,108,2,Alcohol use disorder,F10.20,"1. Cocaine use disorder, moderate
2. Substance (cocaine)-induced depressive disorder"
Gemini 3 Pro,run2,108,3,"Major depressive disorder, single episode, severe",F32.2,"1. Cocaine use disorder, moderate
2. Substance (cocaine)-induced depressive disorder"
Gemini 3 Pro,run2,108,4,Adjustment disorder with mixed anxiety and depressed mood,F43.23,"1. Cocaine use disorder, moderate
2. Substance (cocaine)-induced depressive disorder"
Gemini 3 Pro,run2,108,5,Alcohol-induced depressive disorder,F10.24,"1. Cocaine use disorder, moderate
2. Substance (cocaine)-induced depressive disorder"
Gemini 3 Pro,run1,109,1,Depressive disorder due to another medical condition,F06.32,"1. Depressive disorder due to another medical condition (Parkinson’s disease), with major depressive–like episode
2. Rapid eye movement sleep behavior disorder"
Gemini 3 Pro,run1,109,2,Mild neurocognitive disorder due to another medical condition,F06.7,"1. Depressive disorder due to another medical condition (Parkinson’s disease), with major depressive–like episode
2. Rapid eye movement sleep behavior disorder"
Gemini 3 Pro,run1,109,3,Insomnia disorder,F51.01,"1. Depressive disorder due to another medical condition (Parkinson’s disease), with major depressive–like episode
2. Rapid eye movement sleep behavior disorder"
Gemini 3 Pro,run1,109,4,Personality change due to another medical condition,F07.0,"1. Depressive disorder due to another medical condition (Parkinson’s disease), with major depressive–like episode
2. Rapid eye movement sleep behavior disorder"
Gemini 3 Pro,run1,109,5,"Major depressive disorder, single episode, moderate",F32.1,"1. Depressive disorder due to another medical condition (Parkinson’s disease), with major depressive–like episode
2. Rapid eye movement sleep behavior disorder"
Gemini 3 Pro,run2,109,1,"Depressive disorder due to another medical condition, with major depressive-like episode",F06.32,"1. Depressive disorder due to another medical condition (Parkinson’s disease), with major depressive–like episode
2. Rapid eye movement sleep behavior disorder"
Gemini 3 Pro,run2,109,2,Mild neurocognitive disorder due to another medical condition,F06.7,"1. Depressive disorder due to another medical condition (Parkinson’s disease), with major depressive–like episode
2. Rapid eye movement sleep behavior disorder"
Gemini 3 Pro,run2,109,3,Personality change due to another medical condition,F07.0,"1. Depressive disorder due to another medical condition (Parkinson’s disease), with major depressive–like episode
2. Rapid eye movement sleep behavior disorder"
Gemini 3 Pro,run2,109,4,Insomnia Disorder,F51.01,"1. Depressive disorder due to another medical condition (Parkinson’s disease), with major depressive–like episode
2. Rapid eye movement sleep behavior disorder"
Gemini 3 Pro,run2,109,5,Nightmare Disorder,F51.5,"1. Depressive disorder due to another medical condition (Parkinson’s disease), with major depressive–like episode
2. Rapid eye movement sleep behavior disorder"
Gemini 3 Pro,run1,115,1,Social Anxiety Disorder,F40.10,"1. Social anxiety disorder, severe
2. Posttraumatic stress disorder, moderate
3. Agoraphobia, severe"
Gemini 3 Pro,run1,115,2,Agoraphobia,F40.00,"1. Social anxiety disorder, severe
2. Posttraumatic stress disorder, moderate
3. Agoraphobia, severe"
Gemini 3 Pro,run1,115,3,"Major Depressive Disorder, Single episode, severe",F32.2,"1. Social anxiety disorder, severe
2. Posttraumatic stress disorder, moderate
3. Agoraphobia, severe"
Gemini 3 Pro,run1,115,4,Posttraumatic Stress Disorder,F43.10,"1. Social anxiety disorder, severe
2. Posttraumatic stress disorder, moderate
3. Agoraphobia, severe"
Gemini 3 Pro,run1,115,5,Panic Disorder,F41.0,"1. Social anxiety disorder, severe
2. Posttraumatic stress disorder, moderate
3. Agoraphobia, severe"
Gemini 3 Pro,run2,115,1,Social anxiety disorder,F40.10,"1. Social anxiety disorder, severe
2. Posttraumatic stress disorder, moderate
3. Agoraphobia, severe"
Gemini 3 Pro,run2,115,2,Agoraphobia,F40.00,"1. Social anxiety disorder, severe
2. Posttraumatic stress disorder, moderate
3. Agoraphobia, severe"
Gemini 3 Pro,run2,115,3,Posttraumatic stress disorder,F43.10,"1. Social anxiety disorder, severe
2. Posttraumatic stress disorder, moderate
3. Agoraphobia, severe"
Gemini 3 Pro,run2,115,4,"Major depressive disorder, single episode, severe",F32.2,"1. Social anxiety disorder, severe
2. Posttraumatic stress disorder, moderate
3. Agoraphobia, severe"
Gemini 3 Pro,run2,115,5,Avoidant personality disorder,F60.6,"1. Social anxiety disorder, severe
2. Posttraumatic stress disorder, moderate
3. Agoraphobia, severe"
Gemini 3 Pro,run1,118,1,"Alcohol use disorder, severe, in early remission",F10.21,"1. Alcohol use disorder, moderate, in early remission
2. Medication-induced anxiety disorder (steroids)"
Gemini 3 Pro,run1,118,2,Other substance-induced anxiety disorder,F19.980,"1. Alcohol use disorder, moderate, in early remission
2. Medication-induced anxiety disorder (steroids)"
Gemini 3 Pro,run1,118,3,Mild neurocognitive disorder due to known physiological condition,F06.7,"1. Alcohol use disorder, moderate, in early remission
2. Medication-induced anxiety disorder (steroids)"
Gemini 3 Pro,run1,118,4,"Sedative, hypnotic, or anxiolytic intoxication",F13.129,"1. Alcohol use disorder, moderate, in early remission
2. Medication-induced anxiety disorder (steroids)"
Gemini 3 Pro,run1,118,5,Adjustment disorder with anxiety,F43.22,"1. Alcohol use disorder, moderate, in early remission
2. Medication-induced anxiety disorder (steroids)"
Gemini 3 Pro,run2,118,1,Substance/Medication-Induced Anxiety Disorder,F19.980,"1. Alcohol use disorder, moderate, in early remission
2. Medication-induced anxiety disorder (steroids)"
Gemini 3 Pro,run2,118,2,Alcohol Use Disorder,F10.20,"1. Alcohol use disorder, moderate, in early remission
2. Medication-induced anxiety disorder (steroids)"
Gemini 3 Pro,run2,118,3,Mild Neurocognitive Disorder Due to Another Medical Condition,F06.7,"1. Alcohol use disorder, moderate, in early remission
2. Medication-induced anxiety disorder (steroids)"
Gemini 3 Pro,run2,118,4,Anxiety Disorder Due to Another Medical Condition,F06.4,"1. Alcohol use disorder, moderate, in early remission
2. Medication-induced anxiety disorder (steroids)"
Gemini 3 Pro,run2,118,5,Adjustment Disorder with Anxiety,F43.22,"1. Alcohol use disorder, moderate, in early remission
2. Medication-induced anxiety disorder (steroids)"
Gemini 3 Pro,run1,155,1,Intermittent explosive disorder,F63.81,Intermittent explosive disorder
Gemini 3 Pro,run1,155,2,Unspecified personality disorder,F60.9,Intermittent explosive disorder
Gemini 3 Pro,run1,155,3,Unspecified anxiety disorder,F41.9,Intermittent explosive disorder
Gemini 3 Pro,run1,155,4,Other specified depressive disorder,F32.89,Intermittent explosive disorder
Gemini 3 Pro,run1,155,5,"Other psychoactive substance use disorder, in remission",F19.21,Intermittent explosive disorder
Gemini 3 Pro,run2,155,1,Intermittent Explosive Disorder,F63.81,Intermittent explosive disorder
Gemini 3 Pro,run2,155,2,Narcissistic Personality Disorder,F60.81,Intermittent explosive disorder
Gemini 3 Pro,run2,155,3,Antisocial Personality Disorder,F60.2,Intermittent explosive disorder
Gemini 3 Pro,run2,155,4,Borderline Personality Disorder,F60.3,Intermittent explosive disorder
Gemini 3 Pro,run2,155,5,"Attention-Deficit/Hyperactivity Disorder, Combined Presentation",F90.2,Intermittent explosive disorder
Gemini 3 Pro,run1,159,1,"Opioid use disorder, severe",F11.20,"1. Opioid use disorder
2. Tobacco use disorder
3. Alcohol use disorder, in remission
4. Major depressive disorder"
Gemini 3 Pro,run1,159,2,"Major depressive disorder, recurrent, in partial remission",F33.41,"1. Opioid use disorder
2. Tobacco use disorder
3. Alcohol use disorder, in remission
4. Major depressive disorder"
Gemini 3 Pro,run1,159,3,"Tobacco use disorder, severe",F17.200,"1. Opioid use disorder
2. Tobacco use disorder
3. Alcohol use disorder, in remission
4. Major depressive disorder"
Gemini 3 Pro,run1,159,4,"Alcohol use disorder, in sustained remission",F10.21,"1. Opioid use disorder
2. Tobacco use disorder
3. Alcohol use disorder, in remission
4. Major depressive disorder"
Gemini 3 Pro,run1,159,5,Opioid withdrawal,F11.23,"1. Opioid use disorder
2. Tobacco use disorder
3. Alcohol use disorder, in remission
4. Major depressive disorder"
Gemini 3 Pro,run2,159,1,"Opioid use disorder, severe",F11.20,"1. Opioid use disorder
2. Tobacco use disorder
3. Alcohol use disorder, in remission
4. Major depressive disorder"
Gemini 3 Pro,run2,159,2,Opioid-induced depressive disorder,F11.24,"1. Opioid use disorder
2. Tobacco use disorder
3. Alcohol use disorder, in remission
4. Major depressive disorder"
Gemini 3 Pro,run2,159,3,"Tobacco use disorder, severe",F17.210,"1. Opioid use disorder
2. Tobacco use disorder
3. Alcohol use disorder, in remission
4. Major depressive disorder"
Gemini 3 Pro,run2,159,4,"Major depressive disorder, recurrent, in full remission",F33.42,"1. Opioid use disorder
2. Tobacco use disorder
3. Alcohol use disorder, in remission
4. Major depressive disorder"
Gemini 3 Pro,run2,159,5,"Alcohol use disorder, in remission",F10.21,"1. Opioid use disorder
2. Tobacco use disorder
3. Alcohol use disorder, in remission
4. Major depressive disorder"
Gemini 3 Pro,run1,169,1,"Major Neurocognitive Disorder Due to Traumatic Brain Injury, With behavioral disturbance",F02.81,"1. Mild neurocognitive disorder due to traumatic brain injury, with behavioral disturbance
2. Alcohol use disorder"
Gemini 3 Pro,run1,169,2,"Alcohol Use Disorder, Moderate",F10.20,"1. Mild neurocognitive disorder due to traumatic brain injury, with behavioral disturbance
2. Alcohol use disorder"
Gemini 3 Pro,run1,169,3,"Stimulant Use Disorder, Mild",F15.10,"1. Mild neurocognitive disorder due to traumatic brain injury, with behavioral disturbance
2. Alcohol use disorder"
Gemini 3 Pro,run1,169,4,"Personality Change Due to Another Medical Condition, Combined type",F07.0,"1. Mild neurocognitive disorder due to traumatic brain injury, with behavioral disturbance
2. Alcohol use disorder"
Gemini 3 Pro,run1,169,5,"Mild Neurocognitive Disorder Due to Traumatic Brain Injury, With behavioral disturbance",F06.7,"1. Mild neurocognitive disorder due to traumatic brain injury, with behavioral disturbance
2. Alcohol use disorder"
Gemini 3 Pro,run2,169,1,"Major neurocognitive disorder due to traumatic brain injury, with behavioral disturbance",F02.81,"1. Mild neurocognitive disorder due to traumatic brain injury, with behavioral disturbance
2. Alcohol use disorder"
Gemini 3 Pro,run2,169,2,"Alcohol use disorder, moderate",F10.20,"1. Mild neurocognitive disorder due to traumatic brain injury, with behavioral disturbance
2. Alcohol use disorder"
Gemini 3 Pro,run2,169,3,Mild neurocognitive disorder due to traumatic brain injury,F06.7,"1. Mild neurocognitive disorder due to traumatic brain injury, with behavioral disturbance
2. Alcohol use disorder"
Gemini 3 Pro,run2,169,4,Personality change due to another medical condition,F07.0,"1. Mild neurocognitive disorder due to traumatic brain injury, with behavioral disturbance
2. Alcohol use disorder"
Gemini 3 Pro,run2,169,5,Other psychoactive substance use disorder,F19.20,"1. Mild neurocognitive disorder due to traumatic brain injury, with behavioral disturbance
2. Alcohol use disorder"
Gemini 3 Pro,run1,178,1,Dependent personality disorder,F60.7,"1. Dependent personality disorder
2. Benzodiazepine use disorder"
Gemini 3 Pro,run1,178,2,"Sedative, hypnotic, or anxiolytic use disorder",F13.20,"1. Dependent personality disorder
2. Benzodiazepine use disorder"
Gemini 3 Pro,run1,178,3,Adjustment disorder with depressed mood,F43.21,"1. Dependent personality disorder
2. Benzodiazepine use disorder"
Gemini 3 Pro,run1,178,4,Generalized anxiety disorder,F41.1,"1. Dependent personality disorder
2. Benzodiazepine use disorder"
Gemini 3 Pro,run1,178,5,Borderline personality disorder,F60.3,"1. Dependent personality disorder
2. Benzodiazepine use disorder"
Gemini 3 Pro,run2,178,1,Dependent personality disorder,F60.7,"1. Dependent personality disorder
2. Benzodiazepine use disorder"
Gemini 3 Pro,run2,178,2,"Sedative, hypnotic, or anxiolytic use disorder, severe",F13.20,"1. Dependent personality disorder
2. Benzodiazepine use disorder"
Gemini 3 Pro,run2,178,3,Adjustment disorder with depressed mood,F43.21,"1. Dependent personality disorder
2. Benzodiazepine use disorder"
Gemini 3 Pro,run2,178,4,Generalized anxiety disorder,F41.1,"1. Dependent personality disorder
2. Benzodiazepine use disorder"
Gemini 3 Pro,run2,178,5,Avoidant personality disorder,F60.6,"1. Dependent personality disorder
2. Benzodiazepine use disorder"
Gemini 3 Pro,run1,181,1,Transvestic disorder,F65.1,Fetishistic disorder
Gemini 3 Pro,run1,181,2,Adjustment disorder with anxiety,F43.22,Fetishistic disorder
Gemini 3 Pro,run1,181,3,Fetishistic disorder,F65.0,Fetishistic disorder
Gemini 3 Pro,run1,181,4,Other specified paraphilic disorder,F65.89,Fetishistic disorder
Gemini 3 Pro,run1,181,5,Unspecified anxiety disorder,F41.9,Fetishistic disorder
Gemini 3 Pro,run2,181,1,Transvestic disorder,F65.1,Fetishistic disorder
Gemini 3 Pro,run2,181,2,Adjustment disorder with anxiety,F43.22,Fetishistic disorder
Gemini 3 Pro,run2,181,3,Fetishistic disorder,F65.0,Fetishistic disorder
Gemini 3 Pro,run2,181,4,Other specified paraphilic disorder,F65.89,Fetishistic disorder
Gemini 3 Pro,run2,181,5,Unspecified anxiety disorder,F41.9,Fetishistic disorder
Gemini 3 Pro,run1,1003,1,"Bipolar I disorder, current episode manic, severe with psychotic features",F31.2,"Bipolar disorder, current episode manic (F31.2)"
Gemini 3 Pro,run1,1003,2,"Conduct disorder, adolescent-onset type",F91.2,"Bipolar disorder, current episode manic (F31.2)"
Gemini 3 Pro,run1,1003,3,"Attention-deficit/hyperactivity disorder, combined presentation",F90.2,"Bipolar disorder, current episode manic (F31.2)"
Gemini 3 Pro,run1,1003,4,"Schizoaffective disorder, bipolar type",F25.0,"Bipolar disorder, current episode manic (F31.2)"
Gemini 3 Pro,run1,1003,5,Intermittent explosive disorder,F63.81,"Bipolar disorder, current episode manic (F31.2)"
Gemini 3 Pro,run2,1003,1,"Bipolar I disorder, current episode manic, severe with psychotic features",F31.2,"Bipolar disorder, current episode manic (F31.2)"
Gemini 3 Pro,run2,1003,2,"Attention-deficit/hyperactivity disorder, combined presentation",F90.2,"Bipolar disorder, current episode manic (F31.2)"
Gemini 3 Pro,run2,1003,3,"Conduct disorder, adolescent-onset type",F91.2,"Bipolar disorder, current episode manic (F31.2)"
Gemini 3 Pro,run2,1003,4,Disruptive mood dysregulation disorder,F34.81,"Bipolar disorder, current episode manic (F31.2)"
Gemini 3 Pro,run2,1003,5,"Schizoaffective disorder, bipolar type",F25.0,"Bipolar disorder, current episode manic (F31.2)"
Gemini 3 Pro,run1,1009,1,"Anorexia Nervosa, Binge-eating/purging type",F50.02,"Anorexia nervosa, restrictive type (F50.01)"
Gemini 3 Pro,run1,1009,2,Other specified feeding or eating disorder,F50.8,"Anorexia nervosa, restrictive type (F50.01)"
Gemini 3 Pro,run1,1009,3,Bulimia Nervosa,F50.2,"Anorexia nervosa, restrictive type (F50.01)"
Gemini 3 Pro,run1,1009,4,Obsessive-Compulsive Disorder,F42.2,"Anorexia nervosa, restrictive type (F50.01)"
Gemini 3 Pro,run1,1009,5,Generalized Anxiety Disorder,F41.1,"Anorexia nervosa, restrictive type (F50.01)"
Gemini 3 Pro,run2,1009,1,"Anorexia nervosa, binge-eating/purging type",F50.02,"Anorexia nervosa, restrictive type (F50.01)"
Gemini 3 Pro,run2,1009,2,Other specified feeding or eating disorder,F50.89,"Anorexia nervosa, restrictive type (F50.01)"
Gemini 3 Pro,run2,1009,3,"Anorexia nervosa, restricting type",F50.01,"Anorexia nervosa, restrictive type (F50.01)"
Gemini 3 Pro,run2,1009,4,Bulimia nervosa,F50.2,"Anorexia nervosa, restrictive type (F50.01)"
Gemini 3 Pro,run2,1009,5,Obsessive-compulsive disorder,F42.2,"Anorexia nervosa, restrictive type (F50.01)"
Gemini 3 Pro,run1,1012,1,Autism spectrum disorder,F84.0,Autistic Disorder (F 84.0); Tourette Syndrome (F95.2)
Gemini 3 Pro,run1,1012,2,Tourette's disorder,F95.2,Autistic Disorder (F 84.0); Tourette Syndrome (F95.2)
Gemini 3 Pro,run1,1012,3,Stereotypic movement disorder,F98.4,Autistic Disorder (F 84.0); Tourette Syndrome (F95.2)
Gemini 3 Pro,run1,1012,4,Language disorder,F80.2,Autistic Disorder (F 84.0); Tourette Syndrome (F95.2)
Gemini 3 Pro,run1,1012,5,Unspecified anxiety disorder,F41.9,Autistic Disorder (F 84.0); Tourette Syndrome (F95.2)
Gemini 3 Pro,run2,1012,1,Autism spectrum disorder,F84.0,Autistic Disorder (F 84.0); Tourette Syndrome (F95.2)
Gemini 3 Pro,run2,1012,2,Tourette’s disorder,F95.2,Autistic Disorder (F 84.0); Tourette Syndrome (F95.2)
Gemini 3 Pro,run2,1012,3,Unspecified intellectual disability,F79,Autistic Disorder (F 84.0); Tourette Syndrome (F95.2)
Gemini 3 Pro,run2,1012,4,Language disorder,F80.9,Autistic Disorder (F 84.0); Tourette Syndrome (F95.2)
Gemini 3 Pro,run2,1012,5,Unspecified anxiety disorder,F41.9,Autistic Disorder (F 84.0); Tourette Syndrome (F95.2)
Gemini 3 Pro,run1,1013,1,Global Developmental Delay,F88,Cri-du-chat Syndrome (Q93.4) vs Unspecified neurodevelopmental disorder (F89.0)
Gemini 3 Pro,run1,1013,2,Avoidant/Restrictive Food Intake Disorder,F50.82,Cri-du-chat Syndrome (Q93.4) vs Unspecified neurodevelopmental disorder (F89.0)
Gemini 3 Pro,run1,1013,3,Separation Anxiety Disorder,F93.0,Cri-du-chat Syndrome (Q93.4) vs Unspecified neurodevelopmental disorder (F89.0)
Gemini 3 Pro,run1,1013,4,Unspecified Neurodevelopmental Disorder,F89,Cri-du-chat Syndrome (Q93.4) vs Unspecified neurodevelopmental disorder (F89.0)
Gemini 3 Pro,run1,1013,5,Unspecified Intellectual Disability,F79,Cri-du-chat Syndrome (Q93.4) vs Unspecified neurodevelopmental disorder (F89.0)
Gemini 3 Pro,run2,1013,1,Global developmental delay,F88,Cri-du-chat Syndrome (Q93.4) vs Unspecified neurodevelopmental disorder (F89.0)
Gemini 3 Pro,run2,1013,2,Avoidant/restrictive food intake disorder,F50.82,Cri-du-chat Syndrome (Q93.4) vs Unspecified neurodevelopmental disorder (F89.0)
Gemini 3 Pro,run2,1013,3,Separation anxiety disorder,F93.0,Cri-du-chat Syndrome (Q93.4) vs Unspecified neurodevelopmental disorder (F89.0)
Gemini 3 Pro,run2,1013,4,Unspecified neurodevelopmental disorder,F89,Cri-du-chat Syndrome (Q93.4) vs Unspecified neurodevelopmental disorder (F89.0)
Gemini 3 Pro,run2,1013,5,Unspecified mental disorder due to another medical condition,F09,Cri-du-chat Syndrome (Q93.4) vs Unspecified neurodevelopmental disorder (F89.0)
Gemini 3 Pro,run1,1020,1,Obsessive-Compulsive Disorder,F42.2,"Obsessive-Compulsive Disorder (F42.2); Major Depressive Disorder (moderate, recurrent) (F33.1); Social Anxiety Disorder (F40.10); Excoriation Disorder (F42.4); Other Specified Eating Disorder: bulimia nervosa (of low frequency and limited duration) (F50.89)"
Gemini 3 Pro,run1,1020,2,Excoriation  Disorder,F42.4,"Obsessive-Compulsive Disorder (F42.2); Major Depressive Disorder (moderate, recurrent) (F33.1); Social Anxiety Disorder (F40.10); Excoriation Disorder (F42.4); Other Specified Eating Disorder: bulimia nervosa (of low frequency and limited duration) (F50.89)"
Gemini 3 Pro,run1,1020,3,"Major Depressive Disorder, Recurrent, Severe",F33.2,"Obsessive-Compulsive Disorder (F42.2); Major Depressive Disorder (moderate, recurrent) (F33.1); Social Anxiety Disorder (F40.10); Excoriation Disorder (F42.4); Other Specified Eating Disorder: bulimia nervosa (of low frequency and limited duration) (F50.89)"
Gemini 3 Pro,run1,1020,4,Social Anxiety Disorder,F40.10,"Obsessive-Compulsive Disorder (F42.2); Major Depressive Disorder (moderate, recurrent) (F33.1); Social Anxiety Disorder (F40.10); Excoriation Disorder (F42.4); Other Specified Eating Disorder: bulimia nervosa (of low frequency and limited duration) (F50.89)"
Gemini 3 Pro,run1,1020,5,Other Specified Feeding or Eating Disorder,F50.89,"Obsessive-Compulsive Disorder (F42.2); Major Depressive Disorder (moderate, recurrent) (F33.1); Social Anxiety Disorder (F40.10); Excoriation Disorder (F42.4); Other Specified Eating Disorder: bulimia nervosa (of low frequency and limited duration) (F50.89)"
Gemini 3 Pro,run2,1020,1,Obsessive-compulsive disorder,F42.2,"Obsessive-Compulsive Disorder (F42.2); Major Depressive Disorder (moderate, recurrent) (F33.1); Social Anxiety Disorder (F40.10); Excoriation Disorder (F42.4); Other Specified Eating Disorder: bulimia nervosa (of low frequency and limited duration) (F50.89)"
Gemini 3 Pro,run2,1020,2,"Major depressive disorder, recurrent, severe",F33.2,"Obsessive-Compulsive Disorder (F42.2); Major Depressive Disorder (moderate, recurrent) (F33.1); Social Anxiety Disorder (F40.10); Excoriation Disorder (F42.4); Other Specified Eating Disorder: bulimia nervosa (of low frequency and limited duration) (F50.89)"
Gemini 3 Pro,run2,1020,3,Excoriation  disorder,F42.4,"Obsessive-Compulsive Disorder (F42.2); Major Depressive Disorder (moderate, recurrent) (F33.1); Social Anxiety Disorder (F40.10); Excoriation Disorder (F42.4); Other Specified Eating Disorder: bulimia nervosa (of low frequency and limited duration) (F50.89)"
Gemini 3 Pro,run2,1020,4,Social anxiety disorder,F40.10,"Obsessive-Compulsive Disorder (F42.2); Major Depressive Disorder (moderate, recurrent) (F33.1); Social Anxiety Disorder (F40.10); Excoriation Disorder (F42.4); Other Specified Eating Disorder: bulimia nervosa (of low frequency and limited duration) (F50.89)"
Gemini 3 Pro,run2,1020,5,"Attention-deficit/hyperactivity disorder, combined presentation",F90.2,"Obsessive-Compulsive Disorder (F42.2); Major Depressive Disorder (moderate, recurrent) (F33.1); Social Anxiety Disorder (F40.10); Excoriation Disorder (F42.4); Other Specified Eating Disorder: bulimia nervosa (of low frequency and limited duration) (F50.89)"
Gemini 3 Pro,run1,1021,1,Obsessive-Compulsive Disorder,F42.2,"Obsessive-compulsive disorder (F42.2); Anorexia nervosa, restricting type, in partial remission (F50.014); Major depressive disorder, recurrent, in partial remission (F33.41)"
Gemini 3 Pro,run1,1021,2,Other Specified Feeding or Eating Disorder,F50.8,"Obsessive-compulsive disorder (F42.2); Anorexia nervosa, restricting type, in partial remission (F50.014); Major depressive disorder, recurrent, in partial remission (F33.41)"
Gemini 3 Pro,run1,1021,3,"Major Depressive Disorder, Single Episode, In Partial Remission",F32.5,"Obsessive-compulsive disorder (F42.2); Anorexia nervosa, restricting type, in partial remission (F50.014); Major depressive disorder, recurrent, in partial remission (F33.41)"
Gemini 3 Pro,run1,1021,4,Trichotillomania,F63.3,"Obsessive-compulsive disorder (F42.2); Anorexia nervosa, restricting type, in partial remission (F50.014); Major depressive disorder, recurrent, in partial remission (F33.41)"
Gemini 3 Pro,run1,1021,5,Generalized Anxiety Disorder,F41.1,"Obsessive-compulsive disorder (F42.2); Anorexia nervosa, restricting type, in partial remission (F50.014); Major depressive disorder, recurrent, in partial remission (F33.41)"
Gemini 3 Pro,run2,1021,1,Obsessive-Compulsive Disorder,F42.2,"Obsessive-compulsive disorder (F42.2); Anorexia nervosa, restricting type, in partial remission (F50.014); Major depressive disorder, recurrent, in partial remission (F33.41)"
Gemini 3 Pro,run2,1021,2,"Anorexia Nervosa, Restricting Type",F50.01,"Obsessive-compulsive disorder (F42.2); Anorexia nervosa, restricting type, in partial remission (F50.014); Major depressive disorder, recurrent, in partial remission (F33.41)"
Gemini 3 Pro,run2,1021,3,"Major Depressive Disorder, Recurrent, In Partial Remission",F33.41,"Obsessive-compulsive disorder (F42.2); Anorexia nervosa, restricting type, in partial remission (F50.014); Major depressive disorder, recurrent, in partial remission (F33.41)"
Gemini 3 Pro,run2,1021,4,Trichotillomania,F63.3,"Obsessive-compulsive disorder (F42.2); Anorexia nervosa, restricting type, in partial remission (F50.014); Major depressive disorder, recurrent, in partial remission (F33.41)"
Gemini 3 Pro,run2,1021,5,Generalized Anxiety Disorder,F41.1,"Obsessive-compulsive disorder (F42.2); Anorexia nervosa, restricting type, in partial remission (F50.014); Major depressive disorder, recurrent, in partial remission (F33.41)"
Gemini 3 Pro,run1,1032,1,Disruptive Mood Dysregulation Disorder,F34.81,Disruptive mood dysregulation disorder (F34.81)
Gemini 3 Pro,run1,1032,2,Oppositional Defiant Disorder,F91.3,Disruptive mood dysregulation disorder (F34.81)
Gemini 3 Pro,run1,1032,3,"Conduct Disorder, Childhood-onset type",F91.1,Disruptive mood dysregulation disorder (F34.81)
Gemini 3 Pro,run1,1032,4,"Attention-Deficit/Hyperactivity Disorder, Combined presentation",F90.2,Disruptive mood dysregulation disorder (F34.81)
Gemini 3 Pro,run1,1032,5,Posttraumatic Stress Disorder,F43.10,Disruptive mood dysregulation disorder (F34.81)
Gemini 3 Pro,run2,1032,1,Disruptive Mood Dysregulation Disorder,F34.81,Disruptive mood dysregulation disorder (F34.81)
Gemini 3 Pro,run2,1032,2,"Conduct Disorder, Childhood-onset type",F91.1,Disruptive mood dysregulation disorder (F34.81)
Gemini 3 Pro,run2,1032,3,Unspecified Trauma- and Stressor-Related Disorder,F43.9,Disruptive mood dysregulation disorder (F34.81)
Gemini 3 Pro,run2,1032,4,"Attention-Deficit/Hyperactivity Disorder, Combined presentation",F90.2,Disruptive mood dysregulation disorder (F34.81)
Gemini 3 Pro,run2,1032,5,Unspecified Anxiety Disorder,F41.9,Disruptive mood dysregulation disorder (F34.81)
Gemini 3 Pro,run1,1033,1,Oppositional Defiant Disorder,F91.3,Oppositional defiant disorder (F91.3)
Gemini 3 Pro,run1,1033,2,"Conduct Disorder, Unspecified onset",F91.9,Oppositional defiant disorder (F91.3)
Gemini 3 Pro,run1,1033,3,"Attention-Deficit/Hyperactivity Disorder, Combined Presentation",F90.2,Oppositional defiant disorder (F91.3)
Gemini 3 Pro,run1,1033,4,Disruptive Mood Dysregulation Disorder,F34.81,Oppositional defiant disorder (F91.3)
Gemini 3 Pro,run1,1033,5,Adjustment Disorder with Disturbance of Conduct,F43.24,Oppositional defiant disorder (F91.3)
Gemini 3 Pro,run2,1033,1,Oppositional defiant disorder,F91.3,Oppositional defiant disorder (F91.3)
Gemini 3 Pro,run2,1033,2,"Conduct disorder, adolescent-onset type",F91.2,Oppositional defiant disorder (F91.3)
Gemini 3 Pro,run2,1033,3,"Attention-deficit/hyperactivity disorder, combined presentation",F90.2,Oppositional defiant disorder (F91.3)
Gemini 3 Pro,run2,1033,4,Disruptive mood dysregulation disorder,F34.81,Oppositional defiant disorder (F91.3)
Gemini 3 Pro,run2,1033,5,Adjustment disorder with disturbance of conduct,F43.24,Oppositional defiant disorder (F91.3)
Gemini 3 Pro,run1,1047,1,Phencyclidine-induced psychotic disorder,F16.51,"F19.150 other psychoactive substance abuse with psychoactive substance induced psychotic disorder with delusions, F15.10 Other stimulant abuse, F12.1 Cannabis abuse"
Gemini 3 Pro,run1,1047,2,Stimulant-induced psychotic disorder,F15.51,"F19.150 other psychoactive substance abuse with psychoactive substance induced psychotic disorder with delusions, F15.10 Other stimulant abuse, F12.1 Cannabis abuse"
Gemini 3 Pro,run1,1047,3,Phencyclidine use disorder,F16.20,"F19.150 other psychoactive substance abuse with psychoactive substance induced psychotic disorder with delusions, F15.10 Other stimulant abuse, F12.1 Cannabis abuse"
Gemini 3 Pro,run1,1047,4,Stimulant use disorder,F15.20,"F19.150 other psychoactive substance abuse with psychoactive substance induced psychotic disorder with delusions, F15.10 Other stimulant abuse, F12.1 Cannabis abuse"
Gemini 3 Pro,run1,1047,5,Cannabis use disorder,F12.20,"F19.150 other psychoactive substance abuse with psychoactive substance induced psychotic disorder with delusions, F15.10 Other stimulant abuse, F12.1 Cannabis abuse"
Gemini 3 Pro,run2,1047,1,Phencyclidine-induced psychotic disorder,F16.259,"F19.150 other psychoactive substance abuse with psychoactive substance induced psychotic disorder with delusions, F15.10 Other stimulant abuse, F12.1 Cannabis abuse"
Gemini 3 Pro,run2,1047,2,Stimulant-induced psychotic disorder,F15.259,"F19.150 other psychoactive substance abuse with psychoactive substance induced psychotic disorder with delusions, F15.10 Other stimulant abuse, F12.1 Cannabis abuse"
Gemini 3 Pro,run2,1047,3,Unspecified schizophrenia spectrum and other psychotic disorder,F29,"F19.150 other psychoactive substance abuse with psychoactive substance induced psychotic disorder with delusions, F15.10 Other stimulant abuse, F12.1 Cannabis abuse"
Gemini 3 Pro,run2,1047,4,Stimulant use disorder,F15.20,"F19.150 other psychoactive substance abuse with psychoactive substance induced psychotic disorder with delusions, F15.10 Other stimulant abuse, F12.1 Cannabis abuse"
Gemini 3 Pro,run2,1047,5,Cannabis use disorder,F12.20,"F19.150 other psychoactive substance abuse with psychoactive substance induced psychotic disorder with delusions, F15.10 Other stimulant abuse, F12.1 Cannabis abuse"
Gemini 3 Pro,run1,1049,1,"Major depressive disorder, recurrent, severe with psychotic symptoms",F33.3,Cataonia associated with another mental disorder (F06.1)
Gemini 3 Pro,run1,1049,2,"Bipolar I disorder, current episode depressed, severe with psychotic features",F31.5,Cataonia associated with another mental disorder (F06.1)
Gemini 3 Pro,run1,1049,3,"Schizoaffective disorder, depressive type",F25.1,Cataonia associated with another mental disorder (F06.1)
Gemini 3 Pro,run1,1049,4,Catatonic schizophrenia,F20.2,Cataonia associated with another mental disorder (F06.1)
Gemini 3 Pro,run1,1049,5,Catatonic disorder due to known physiological condition,F06.1,Cataonia associated with another mental disorder (F06.1)
Gemini 3 Pro,run2,1049,1,"Major depressive disorder, recurrent, severe",F33.2,Cataonia associated with another mental disorder (F06.1)
Gemini 3 Pro,run2,1049,2,Catatonia associated with another mental disorder,F06.1,Cataonia associated with another mental disorder (F06.1)
Gemini 3 Pro,run2,1049,3,"Bipolar I disorder, current episode depressed, severe",F31.4,Cataonia associated with another mental disorder (F06.1)
Gemini 3 Pro,run2,1049,4,"Schizoaffective disorder, depressive type",F25.1,Cataonia associated with another mental disorder (F06.1)
Gemini 3 Pro,run2,1049,5,Schizophrenia,F20.9,Cataonia associated with another mental disorder (F06.1)
Gemini 3 Pro,run1,1056,1,Disruptive Mood Dysregulation Disorder,F34.81,Disruptive Mood Dysregulation Disorder (DMDD) (F34.81)
Gemini 3 Pro,run1,1056,2,"Conduct Disorder, adolescent-onset type",F91.2,Disruptive Mood Dysregulation Disorder (DMDD) (F34.81)
Gemini 3 Pro,run1,1056,3,Autism Spectrum Disorder,F84.0,Disruptive Mood Dysregulation Disorder (DMDD) (F34.81)
Gemini 3 Pro,run1,1056,4,"Attention-Deficit/Hyperactivity Disorder, combined presentation",F90.2,Disruptive Mood Dysregulation Disorder (DMDD) (F34.81)
Gemini 3 Pro,run1,1056,5,"Specific learning disorder, unspecified",F81.9,Disruptive Mood Dysregulation Disorder (DMDD) (F34.81)
Gemini 3 Pro,run2,1056,1,Disruptive Mood Dysregulation Disorder,F34.81,Disruptive Mood Dysregulation Disorder (DMDD) (F34.81)
Gemini 3 Pro,run2,1056,2,Autism Spectrum Disorder,F84.0,Disruptive Mood Dysregulation Disorder (DMDD) (F34.81)
Gemini 3 Pro,run2,1056,3,"Attention-Deficit/Hyperactivity Disorder, Combined presentation",F90.2,Disruptive Mood Dysregulation Disorder (DMDD) (F34.81)
Gemini 3 Pro,run2,1056,4,"Conduct Disorder, Childhood-onset type",F91.1,Disruptive Mood Dysregulation Disorder (DMDD) (F34.81)
Gemini 3 Pro,run2,1056,5,"Specific Learning Disorder, Unspecified",F81.9,Disruptive Mood Dysregulation Disorder (DMDD) (F34.81)
GPT-5.2,run1,17,1,Schizophrenia,F20.9,Schizoaffective disorder
GPT-5.2,run1,17,2,Cannabis use disorder,F12.20,Schizoaffective disorder
GPT-5.2,run1,17,3,Catatonia associated with another mental disorder,F06.1,Schizoaffective disorder
GPT-5.2,run1,17,4,"Schizoaffective disorder, bipolar type",F25.0,Schizoaffective disorder
GPT-5.2,run1,17,5,"Bipolar I disorder, current episode manic, with psychotic features",F31.2,Schizoaffective disorder
GPT-5.2,run2,17,1,Schizophrenia,F20.9,Schizoaffective disorder
GPT-5.2,run2,17,2,Cannabis use disorder,F12.20,Schizoaffective disorder
GPT-5.2,run2,17,3,Catatonia associated with another mental disorder,F06.1,Schizoaffective disorder
GPT-5.2,run2,17,4,"Schizoaffective disorder, bipolar type",F25.0,Schizoaffective disorder
GPT-5.2,run2,17,5,"Bipolar I disorder, current episode manic, with psychotic features",F31.2,Schizoaffective disorder
GPT-5.2,run1,23,1,"Substance/Medication-Induced Psychotic Disorder , with hallucinations",F19.951,Levetiracetam-induced acute psychosis
GPT-5.2,run1,23,2,Psychotic Disorder Due to Another Medical Condition,F06.2,Levetiracetam-induced acute psychosis
GPT-5.2,run1,23,3,Unspecified Schizophrenia Spectrum and Other Psychotic Disorder,F29,Levetiracetam-induced acute psychosis
GPT-5.2,run1,23,4,Brief Psychotic Disorder,F23,Levetiracetam-induced acute psychosis
GPT-5.2,run1,23,5,Unspecified Anxiety Disorder,F41.9,Levetiracetam-induced acute psychosis
GPT-5.2,run2,23,1,Substance/Medication-Induced Psychotic Disorder,F19.959,Levetiracetam-induced acute psychosis
GPT-5.2,run2,23,2,Psychotic Disorder Due to Another Medical Condition,F06.2,Levetiracetam-induced acute psychosis
GPT-5.2,run2,23,3,Brief Psychotic Disorder,F23,Levetiracetam-induced acute psychosis
GPT-5.2,run2,23,4,Schizophreniform Disorder,F20.81,Levetiracetam-induced acute psychosis
GPT-5.2,run2,23,5,Anxiety Disorder Due to Another Medical Condition,F06.4,Levetiracetam-induced acute psychosis
GPT-5.2,run1,32,1,Posttraumatic Stress Disorder,F43.10,"Autism Spectrum Disorder, Major Depressive Disorder (MDD), Unspecified Anxiety Disorder, and Posttraumatic Stress Disorder (PTSD)"
GPT-5.2,run1,32,2,Intermittent Explosive Disorder,F63.81,"Autism Spectrum Disorder, Major Depressive Disorder (MDD), Unspecified Anxiety Disorder, and Posttraumatic Stress Disorder (PTSD)"
GPT-5.2,run1,32,3,Dissociative Amnesia,F44.0,"Autism Spectrum Disorder, Major Depressive Disorder (MDD), Unspecified Anxiety Disorder, and Posttraumatic Stress Disorder (PTSD)"
GPT-5.2,run1,32,4,Borderline Personality Disorder,F60.3,"Autism Spectrum Disorder, Major Depressive Disorder (MDD), Unspecified Anxiety Disorder, and Posttraumatic Stress Disorder (PTSD)"
GPT-5.2,run1,32,5,Autism Spectrum Disorder,F84.0,"Autism Spectrum Disorder, Major Depressive Disorder (MDD), Unspecified Anxiety Disorder, and Posttraumatic Stress Disorder (PTSD)"
GPT-5.2,run2,32,1,Posttraumatic Stress Disorder,F43.10,"Autism Spectrum Disorder, Major Depressive Disorder (MDD), Unspecified Anxiety Disorder, and Posttraumatic Stress Disorder (PTSD)"
GPT-5.2,run2,32,2,Dissociative Amnesia,F44.0,"Autism Spectrum Disorder, Major Depressive Disorder (MDD), Unspecified Anxiety Disorder, and Posttraumatic Stress Disorder (PTSD)"
GPT-5.2,run2,32,3,Intermittent Explosive Disorder,F63.81,"Autism Spectrum Disorder, Major Depressive Disorder (MDD), Unspecified Anxiety Disorder, and Posttraumatic Stress Disorder (PTSD)"
GPT-5.2,run2,32,4,Autism Spectrum Disorder,F84.0,"Autism Spectrum Disorder, Major Depressive Disorder (MDD), Unspecified Anxiety Disorder, and Posttraumatic Stress Disorder (PTSD)"
GPT-5.2,run2,32,5,Adjustment Disorder with Mixed Disturbance of Emotions and Conduct,F43.25,"Autism Spectrum Disorder, Major Depressive Disorder (MDD), Unspecified Anxiety Disorder, and Posttraumatic Stress Disorder (PTSD)"
GPT-5.2,run1,62,1,"Functional Neurological Symptom Disorder , with attacks or seizures",F44.5,Functional seizures.
GPT-5.2,run1,62,2,"Posttraumatic Stress Disorder, chronic",F43.12,Functional seizures.
GPT-5.2,run1,62,3,Panic Disorder,F41.0,Functional seizures.
GPT-5.2,run1,62,4,Agoraphobia,F40.00,Functional seizures.
GPT-5.2,run1,62,5,"Major Depressive Disorder, unspecified",F32.9,Functional seizures.
GPT-5.2,run2,62,1,"Functional neurological symptom disorder , with attacks or seizures",F44.5,Functional seizures.
GPT-5.2,run2,62,2,"Posttraumatic stress disorder, chronic",F43.12,Functional seizures.
GPT-5.2,run2,62,3,Panic disorder,F41.0,Functional seizures.
GPT-5.2,run2,62,4,Agoraphobia,F40.00,Functional seizures.
GPT-5.2,run2,62,5,"Major depressive disorder, unspecified",F32.9,Functional seizures.
GPT-5.2,run1,80,1,"Autism spectrum disorder, associated with known genetic condition , with accompanying intellectual impairment and language impairment",F84.0,"1. Intellectual developmental disorder (intellectual disability), severe
2. Autism spectrum disorder, with accompanying intellectual and language impairments, associated with Kleefstra syndrome"
GPT-5.2,run1,80,2,"Intellectual developmental disorder, severe",F72,"1. Intellectual developmental disorder (intellectual disability), severe
2. Autism spectrum disorder, with accompanying intellectual and language impairments, associated with Kleefstra syndrome"
GPT-5.2,run1,80,3,"Unspecified disruptive, impulse-control, and conduct disorder",F91.9,"1. Intellectual developmental disorder (intellectual disability), severe
2. Autism spectrum disorder, with accompanying intellectual and language impairments, associated with Kleefstra syndrome"
GPT-5.2,run1,80,4,"Stereotypic movement disorder, with self-injurious behavior",F98.4,"1. Intellectual developmental disorder (intellectual disability), severe
2. Autism spectrum disorder, with accompanying intellectual and language impairments, associated with Kleefstra syndrome"
GPT-5.2,run1,80,5,Unspecified depressive disorder,F32.9,"1. Intellectual developmental disorder (intellectual disability), severe
2. Autism spectrum disorder, with accompanying intellectual and language impairments, associated with Kleefstra syndrome"
GPT-5.2,run2,80,1,"Intellectual Disability , Moderate",F71,"1. Intellectual developmental disorder (intellectual disability), severe
2. Autism spectrum disorder, with accompanying intellectual and language impairments, associated with Kleefstra syndrome"
GPT-5.2,run2,80,2,Autism Spectrum Disorder,F84.0,"1. Intellectual developmental disorder (intellectual disability), severe
2. Autism spectrum disorder, with accompanying intellectual and language impairments, associated with Kleefstra syndrome"
GPT-5.2,run2,80,3,"Stereotypic Movement Disorder, with self-injurious behavior",F98.4,"1. Intellectual developmental disorder (intellectual disability), severe
2. Autism spectrum disorder, with accompanying intellectual and language impairments, associated with Kleefstra syndrome"
GPT-5.2,run2,80,4,"Unspecified Disruptive, Impulse-Control, and Conduct Disorder",F91.9,"1. Intellectual developmental disorder (intellectual disability), severe
2. Autism spectrum disorder, with accompanying intellectual and language impairments, associated with Kleefstra syndrome"
GPT-5.2,run2,80,5,Unspecified Depressive Disorder,F32,"1. Intellectual developmental disorder (intellectual disability), severe
2. Autism spectrum disorder, with accompanying intellectual and language impairments, associated with Kleefstra syndrome"
GPT-5.2,run1,85,1,Schizophrenia,F20.9,"Schizophrenia, multiple episodes, currently in acute episode"
GPT-5.2,run1,85,2,Delirium,F05,"Schizophrenia, multiple episodes, currently in acute episode"
GPT-5.2,run1,85,3,Catatonia associated with another mental disorder,F06.1,"Schizophrenia, multiple episodes, currently in acute episode"
GPT-5.2,run1,85,4,Autism spectrum disorder,F84.0,"Schizophrenia, multiple episodes, currently in acute episode"
GPT-5.2,run1,85,5,"Intellectual developmental disorder, unspecified",F79,"Schizophrenia, multiple episodes, currently in acute episode"
GPT-5.2,run2,85,1,Schizophrenia,F20.9,"Schizophrenia, multiple episodes, currently in acute episode"
GPT-5.2,run2,85,2,Catatonia associated with another mental disorder,F06.1,"Schizophrenia, multiple episodes, currently in acute episode"
GPT-5.2,run2,85,3,Delirium due to another medical condition,F05,"Schizophrenia, multiple episodes, currently in acute episode"
GPT-5.2,run2,85,4,Adjustment disorder with disturbance of conduct,F43.24,"Schizophrenia, multiple episodes, currently in acute episode"
GPT-5.2,run2,85,5,Unspecified dissociative disorder,F44.9,"Schizophrenia, multiple episodes, currently in acute episode"
GPT-5.2,run2,94,1,"Bipolar II disorder, current episode depressed",F31.81,"1. Bipolar II disorder, current episode depressed; high level of concern about suicide
2. Unspecified anxiety disorder"
GPT-5.2,run2,94,2,Borderline personality disorder,F60.3,"1. Bipolar II disorder, current episode depressed; high level of concern about suicide
2. Unspecified anxiety disorder"
GPT-5.2,run2,94,3,"Major depressive disorder, recurrent, severe, without psychotic features",F33.2,"1. Bipolar II disorder, current episode depressed; high level of concern about suicide
2. Unspecified anxiety disorder"
GPT-5.2,run2,94,4,Other specified anxiety disorder,F41.8,"1. Bipolar II disorder, current episode depressed; high level of concern about suicide
2. Unspecified anxiety disorder"
GPT-5.2,run2,94,5,Depersonalization/derealization disorder,F48.1,"1. Bipolar II disorder, current episode depressed; high level of concern about suicide
2. Unspecified anxiety disorder"
GPT-5.2,run1,97,1,"Bipolar I disorder, current episode manic, with psychotic features",F31.2,"Bipolar and related disorder due to HIV infection, with manic features"
GPT-5.2,run1,97,2,Substance/Medication-Induced Bipolar and Related Disorder,F15.24,"Bipolar and related disorder due to HIV infection, with manic features"
GPT-5.2,run1,97,3,Other stimulant  use disorder,F15.20,"Bipolar and related disorder due to HIV infection, with manic features"
GPT-5.2,run1,97,4,"Alcohol use disorder, in sustained remission",F10.21,"Bipolar and related disorder due to HIV infection, with manic features"
GPT-5.2,run1,97,5,Unspecified neurocognitive disorder,F09,"Bipolar and related disorder due to HIV infection, with manic features"
GPT-5.2,run2,97,1,"Bipolar I disorder, current episode manic, with psychotic features",F31.2,"Bipolar and related disorder due to HIV infection, with manic features"
GPT-5.2,run2,97,2,Stimulant  use disorder,F15.20,"Bipolar and related disorder due to HIV infection, with manic features"
GPT-5.2,run2,97,3,Substance/Medication-Induced Bipolar and Related Disorder,F15.14,"Bipolar and related disorder due to HIV infection, with manic features"
GPT-5.2,run2,97,4,"Bipolar and related disorder due to another medical condition , with manic features",F06.33,"Bipolar and related disorder due to HIV infection, with manic features"
GPT-5.2,run2,97,5,Unspecified neurocognitive disorder,F09,"Bipolar and related disorder due to HIV infection, with manic features"
GPT-5.2,run1,99,1,"Bipolar I disorder, current episode manic, severe with psychotic features",F31.2,"Bipolar I disorder, current episode manic, severe, with psychotic features, with peripartum onset"
GPT-5.2,run1,99,2,Brief psychotic disorder,F23,"Bipolar I disorder, current episode manic, severe, with psychotic features, with peripartum onset"
GPT-5.2,run1,99,3,"Schizoaffective disorder, bipolar type",F25.0,"Bipolar I disorder, current episode manic, severe, with psychotic features, with peripartum onset"
GPT-5.2,run1,99,4,"Major depressive disorder, recurrent, severe with psychotic features",F33.3,"Bipolar I disorder, current episode manic, severe, with psychotic features, with peripartum onset"
GPT-5.2,run1,99,5,Unspecified schizophrenia spectrum and other psychotic disorder,F29,"Bipolar I disorder, current episode manic, severe, with psychotic features, with peripartum onset"
GPT-5.2,run2,99,1,"Bipolar I disorder, current episode manic, with psychotic features, with peripartum onset",F31.2,"Bipolar I disorder, current episode manic, severe, with psychotic features, with peripartum onset"
GPT-5.2,run2,99,2,"Brief psychotic disorder, with postpartum onset",F23,"Bipolar I disorder, current episode manic, severe, with psychotic features, with peripartum onset"
GPT-5.2,run2,99,3,"Schizoaffective disorder, bipolar type",F25.0,"Bipolar I disorder, current episode manic, severe, with psychotic features, with peripartum onset"
GPT-5.2,run2,99,4,"Major depressive disorder, recurrent episode, severe with psychotic features, with peripartum onset",F33.3,"Bipolar I disorder, current episode manic, severe, with psychotic features, with peripartum onset"
GPT-5.2,run2,99,5,Unspecified schizophrenia spectrum and other psychotic disorder,F29,"Bipolar I disorder, current episode manic, severe, with psychotic features, with peripartum onset"
GPT-5.2,run1,104,1,"Major depressive disorder, single episode, severe with mood-congruent psychotic features",F32.3,"Major depressive disorder, single episode, moderate, with psychotic features"
GPT-5.2,run1,104,2,"Major depressive disorder, single episode, severe without psychotic features",F32.2,"Major depressive disorder, single episode, moderate, with psychotic features"
GPT-5.2,run1,104,3,"Delusional disorder, persecutory type",F22,"Major depressive disorder, single episode, moderate, with psychotic features"
GPT-5.2,run1,104,4,"Bipolar I disorder, current episode depressed, severe with psychotic features",F31.5,"Major depressive disorder, single episode, moderate, with psychotic features"
GPT-5.2,run1,104,5,"Depressive disorder due to another medical condition, with major depressive-like episode",F06.32,"Major depressive disorder, single episode, moderate, with psychotic features"
GPT-5.2,run2,104,1,"Major depressive disorder, single episode, severe, with mood-congruent psychotic features",F32.3,"Major depressive disorder, single episode, moderate, with psychotic features"
GPT-5.2,run2,104,2,"Major depressive disorder, single episode, severe, without psychotic features",F32.2,"Major depressive disorder, single episode, moderate, with psychotic features"
GPT-5.2,run2,104,3,"Delusional disorder, persecutory type",F22,"Major depressive disorder, single episode, moderate, with psychotic features"
GPT-5.2,run2,104,4,"Bipolar I disorder, current episode depressed, severe, with psychotic features",F31.5,"Major depressive disorder, single episode, moderate, with psychotic features"
GPT-5.2,run2,104,5,"Schizoaffective disorder, depressive type",F25.1,"Major depressive disorder, single episode, moderate, with psychotic features"
GPT-5.2,run1,108,1,"Major depressive disorder, single episode, moderate",F32.1,"1. Cocaine use disorder, moderate
2. Substance (cocaine)-induced depressive disorder"
GPT-5.2,run1,108,2,Cocaine use disorder,F14.20,"1. Cocaine use disorder, moderate
2. Substance (cocaine)-induced depressive disorder"
GPT-5.2,run1,108,3,Alcohol use disorder,F10.10,"1. Cocaine use disorder, moderate
2. Substance (cocaine)-induced depressive disorder"
GPT-5.2,run1,108,4,Substance/medication-induced depressive disorder,F14.24,"1. Cocaine use disorder, moderate
2. Substance (cocaine)-induced depressive disorder"
GPT-5.2,run1,108,5,Substance/medication-induced depressive disorder,F10.14,"1. Cocaine use disorder, moderate
2. Substance (cocaine)-induced depressive disorder"
GPT-5.2,run2,108,1,"Major depressive disorder, single episode, moderate",F32.1,"1. Cocaine use disorder, moderate
2. Substance (cocaine)-induced depressive disorder"
GPT-5.2,run2,108,2,"Cocaine use disorder, moderate",F14.20,"1. Cocaine use disorder, moderate
2. Substance (cocaine)-induced depressive disorder"
GPT-5.2,run2,108,3,"Alcohol use disorder, mild",F10.10,"1. Cocaine use disorder, moderate
2. Substance (cocaine)-induced depressive disorder"
GPT-5.2,run2,108,4,Substance/Medication-Induced Depressive Disorder,F14.24,"1. Cocaine use disorder, moderate
2. Substance (cocaine)-induced depressive disorder"
GPT-5.2,run2,108,5,Adjustment disorder with depressed mood,F43.21,"1. Cocaine use disorder, moderate
2. Substance (cocaine)-induced depressive disorder"
GPT-5.2,run1,109,1,"Major depressive disorder, single episode, moderate",F32.1,"1. Depressive disorder due to another medical condition (Parkinson’s disease), with major depressive–like episode
2. Rapid eye movement sleep behavior disorder"
GPT-5.2,run1,109,2,"Depressive disorder due to another medical condition , with major depressive-like episode",F06.32,"1. Depressive disorder due to another medical condition (Parkinson’s disease), with major depressive–like episode
2. Rapid eye movement sleep behavior disorder"
GPT-5.2,run1,109,3,Other sleep disorder not due to a substance or known physiological condition,F51.8,"1. Depressive disorder due to another medical condition (Parkinson’s disease), with major depressive–like episode
2. Rapid eye movement sleep behavior disorder"
GPT-5.2,run1,109,4,Mild cognitive disorder,F06.7,"1. Depressive disorder due to another medical condition (Parkinson’s disease), with major depressive–like episode
2. Rapid eye movement sleep behavior disorder"
GPT-5.2,run1,109,5,Insomnia disorder,F51.0,"1. Depressive disorder due to another medical condition (Parkinson’s disease), with major depressive–like episode
2. Rapid eye movement sleep behavior disorder"
GPT-5.2,run2,109,1,"Depressive disorder due to another medical condition , with major depressive-like episode",F06.32,"1. Depressive disorder due to another medical condition (Parkinson’s disease), with major depressive–like episode
2. Rapid eye movement sleep behavior disorder"
GPT-5.2,run2,109,2,"Major depressive disorder, single episode",F32.9,"1. Depressive disorder due to another medical condition (Parkinson’s disease), with major depressive–like episode
2. Rapid eye movement sleep behavior disorder"
GPT-5.2,run2,109,3,Other specified parasomnia,F51.8,"1. Depressive disorder due to another medical condition (Parkinson’s disease), with major depressive–like episode
2. Rapid eye movement sleep behavior disorder"
GPT-5.2,run2,109,4,Insomnia disorder,F51.0,"1. Depressive disorder due to another medical condition (Parkinson’s disease), with major depressive–like episode
2. Rapid eye movement sleep behavior disorder"
GPT-5.2,run2,109,5,Other specified neurocognitive disorder,F09,"1. Depressive disorder due to another medical condition (Parkinson’s disease), with major depressive–like episode
2. Rapid eye movement sleep behavior disorder"
GPT-5.2,run1,115,1,Social Anxiety Disorder,F40.10,"1. Social anxiety disorder, severe
2. Posttraumatic stress disorder, moderate
3. Agoraphobia, severe"
GPT-5.2,run1,115,2,Agoraphobia,F40.00,"1. Social anxiety disorder, severe
2. Posttraumatic stress disorder, moderate
3. Agoraphobia, severe"
GPT-5.2,run1,115,3,Posttraumatic Stress Disorder,F43.10,"1. Social anxiety disorder, severe
2. Posttraumatic stress disorder, moderate
3. Agoraphobia, severe"
GPT-5.2,run1,115,4,Selective Mutism,F94.0,"1. Social anxiety disorder, severe
2. Posttraumatic stress disorder, moderate
3. Agoraphobia, severe"
GPT-5.2,run1,115,5,Unspecified Depressive Disorder,F32,"1. Social anxiety disorder, severe
2. Posttraumatic stress disorder, moderate
3. Agoraphobia, severe"
GPT-5.2,run2,115,1,Social Anxiety Disorder,F40.11,"1. Social anxiety disorder, severe
2. Posttraumatic stress disorder, moderate
3. Agoraphobia, severe"
GPT-5.2,run2,115,2,Agoraphobia,F40.00,"1. Social anxiety disorder, severe
2. Posttraumatic stress disorder, moderate
3. Agoraphobia, severe"
GPT-5.2,run2,115,3,Posttraumatic Stress Disorder,F43.10,"1. Social anxiety disorder, severe
2. Posttraumatic stress disorder, moderate
3. Agoraphobia, severe"
GPT-5.2,run2,115,4,Persistent Depressive Disorder,F34.1,"1. Social anxiety disorder, severe
2. Posttraumatic stress disorder, moderate
3. Agoraphobia, severe"
GPT-5.2,run2,115,5,Selective Mutism,F94.0,"1. Social anxiety disorder, severe
2. Posttraumatic stress disorder, moderate
3. Agoraphobia, severe"
GPT-5.2,run1,118,1,"Alcohol use disorder, moderate",F10.20,"1. Alcohol use disorder, moderate, in early remission
2. Medication-induced anxiety disorder (steroids)"
GPT-5.2,run1,118,2,Adjustment disorder with anxiety,F43.22,"1. Alcohol use disorder, moderate, in early remission
2. Medication-induced anxiety disorder (steroids)"
GPT-5.2,run1,118,3,Other  substance/medication-induced anxiety disorder,F19.980,"1. Alcohol use disorder, moderate, in early remission
2. Medication-induced anxiety disorder (steroids)"
GPT-5.2,run1,118,4,Unspecified neurocognitive disorder,F09,"1. Alcohol use disorder, moderate, in early remission
2. Medication-induced anxiety disorder (steroids)"
GPT-5.2,run1,118,5,Anxiety disorder due to another medical condition,F06.4,"1. Alcohol use disorder, moderate, in early remission
2. Medication-induced anxiety disorder (steroids)"
GPT-5.2,run2,118,1,Substance/Medication-Induced Anxiety Disorder,F19.980,"1. Alcohol use disorder, moderate, in early remission
2. Medication-induced anxiety disorder (steroids)"
GPT-5.2,run2,118,2,Alcohol Use Disorder,F10.20,"1. Alcohol use disorder, moderate, in early remission
2. Medication-induced anxiety disorder (steroids)"
GPT-5.2,run2,118,3,Adjustment Disorder with Anxiety,F43.22,"1. Alcohol use disorder, moderate, in early remission
2. Medication-induced anxiety disorder (steroids)"
GPT-5.2,run2,118,4,"Sedative, Hypnotic, or Anxiolytic Intoxication",F13.929,"1. Alcohol use disorder, moderate, in early remission
2. Medication-induced anxiety disorder (steroids)"
GPT-5.2,run2,118,5,Mild Neurocognitive Disorder due to Another Medical Condition,F06.7,"1. Alcohol use disorder, moderate, in early remission
2. Medication-induced anxiety disorder (steroids)"
GPT-5.2,run1,155,1,Intermittent Explosive Disorder,F63.81,Intermittent explosive disorder
GPT-5.2,run1,155,2,Borderline Personality Disorder,F60.3,Intermittent explosive disorder
GPT-5.2,run1,155,3,Antisocial Personality Disorder,F60.2,Intermittent explosive disorder
GPT-5.2,run1,155,4,Narcissistic Personality Disorder,F60.81,Intermittent explosive disorder
GPT-5.2,run1,155,5,"Bipolar Disorder, Unspecified",F31.9,Intermittent explosive disorder
GPT-5.2,run2,155,1,Intermittent Explosive Disorder,F63.81,Intermittent explosive disorder
GPT-5.2,run2,155,2,Borderline Personality Disorder,F60.3,Intermittent explosive disorder
GPT-5.2,run2,155,3,Antisocial Personality Disorder,F60.2,Intermittent explosive disorder
GPT-5.2,run2,155,4,Unspecified Bipolar and Related Disorder,F31.9,Intermittent explosive disorder
GPT-5.2,run2,155,5,"Alcohol Use Disorder, mild",F10.10,Intermittent explosive disorder
GPT-5.2,run1,159,1,"Opioid use disorder, severe",F11.20,"1. Opioid use disorder
2. Tobacco use disorder
3. Alcohol use disorder, in remission
4. Major depressive disorder"
GPT-5.2,run1,159,2,Unspecified depressive disorder,F32,"1. Opioid use disorder
2. Tobacco use disorder
3. Alcohol use disorder, in remission
4. Major depressive disorder"
GPT-5.2,run1,159,3,Tobacco use disorder,F17.210,"1. Opioid use disorder
2. Tobacco use disorder
3. Alcohol use disorder, in remission
4. Major depressive disorder"
GPT-5.2,run1,159,4,"Alcohol use disorder, in sustained remission",F10.21,"1. Opioid use disorder
2. Tobacco use disorder
3. Alcohol use disorder, in remission
4. Major depressive disorder"
GPT-5.2,run1,159,5,"Major depressive disorder, recurrent, in full remission",F33.42,"1. Opioid use disorder
2. Tobacco use disorder
3. Alcohol use disorder, in remission
4. Major depressive disorder"
GPT-5.2,run2,159,1,"Opioid use disorder, severe",F11.20,"1. Opioid use disorder
2. Tobacco use disorder
3. Alcohol use disorder, in remission
4. Major depressive disorder"
GPT-5.2,run2,159,2,Opioid withdrawal,F11.23,"1. Opioid use disorder
2. Tobacco use disorder
3. Alcohol use disorder, in remission
4. Major depressive disorder"
GPT-5.2,run2,159,3,"Major depressive disorder, recurrent",F33.9,"1. Opioid use disorder
2. Tobacco use disorder
3. Alcohol use disorder, in remission
4. Major depressive disorder"
GPT-5.2,run2,159,4,Tobacco use disorder,F17.210,"1. Opioid use disorder
2. Tobacco use disorder
3. Alcohol use disorder, in remission
4. Major depressive disorder"
GPT-5.2,run2,159,5,"Alcohol use disorder, in sustained remission",F10.21,"1. Opioid use disorder
2. Tobacco use disorder
3. Alcohol use disorder, in remission
4. Major depressive disorder"
GPT-5.2,run1,169,1,"Major neurocognitive disorder due to traumatic brain injury, with behavioral disturbance",F02.81,"1. Mild neurocognitive disorder due to traumatic brain injury, with behavioral disturbance
2. Alcohol use disorder"
GPT-5.2,run1,169,2,"Personality change due to another medical condition , disinhibited type",F07.0,"1. Mild neurocognitive disorder due to traumatic brain injury, with behavioral disturbance
2. Alcohol use disorder"
GPT-5.2,run1,169,3,Alcohol use disorder,F10.20,"1. Mild neurocognitive disorder due to traumatic brain injury, with behavioral disturbance
2. Alcohol use disorder"
GPT-5.2,run1,169,4,Cannabis use disorder,F12.10,"1. Mild neurocognitive disorder due to traumatic brain injury, with behavioral disturbance
2. Alcohol use disorder"
GPT-5.2,run1,169,5,Stimulant  use disorder,F14.10,"1. Mild neurocognitive disorder due to traumatic brain injury, with behavioral disturbance
2. Alcohol use disorder"
GPT-5.2,run2,169,1,"Major neurocognitive disorder due to traumatic brain injury, with behavioral disturbance",F02.81,"1. Mild neurocognitive disorder due to traumatic brain injury, with behavioral disturbance
2. Alcohol use disorder"
GPT-5.2,run2,169,2,Personality change due to another medical condition,F07.0,"1. Mild neurocognitive disorder due to traumatic brain injury, with behavioral disturbance
2. Alcohol use disorder"
GPT-5.2,run2,169,3,Alcohol use disorder,F10.20,"1. Mild neurocognitive disorder due to traumatic brain injury, with behavioral disturbance
2. Alcohol use disorder"
GPT-5.2,run2,169,4,Cannabis use disorder,F12.10,"1. Mild neurocognitive disorder due to traumatic brain injury, with behavioral disturbance
2. Alcohol use disorder"
GPT-5.2,run2,169,5,Cocaine use disorder,F14.10,"1. Mild neurocognitive disorder due to traumatic brain injury, with behavioral disturbance
2. Alcohol use disorder"
GPT-5.2,run1,178,1,"Sedative, Hypnotic, or Anxiolytic Use Disorder , severe",F13.20,"1. Dependent personality disorder
2. Benzodiazepine use disorder"
GPT-5.2,run1,178,2,Dependent Personality Disorder,F60.7,"1. Dependent personality disorder
2. Benzodiazepine use disorder"
GPT-5.2,run1,178,3,Adjustment Disorder with Depressed Mood,F43.21,"1. Dependent personality disorder
2. Benzodiazepine use disorder"
GPT-5.2,run1,178,4,"Sedative, Hypnotic, or Anxiolytic Withdrawal",F13.239,"1. Dependent personality disorder
2. Benzodiazepine use disorder"
GPT-5.2,run1,178,5,Unspecified Anxiety Disorder,F41.9,"1. Dependent personality disorder
2. Benzodiazepine use disorder"
GPT-5.2,run2,178,1,"Sedative, Hypnotic, or Anxiolytic Use Disorder",F13.20,"1. Dependent personality disorder
2. Benzodiazepine use disorder"
GPT-5.2,run2,178,2,Dependent Personality Disorder,F60.7,"1. Dependent personality disorder
2. Benzodiazepine use disorder"
GPT-5.2,run2,178,3,Adjustment Disorder with Depressed Mood,F43.21,"1. Dependent personality disorder
2. Benzodiazepine use disorder"
GPT-5.2,run2,178,4,"Sedative, Hypnotic, or Anxiolytic Withdrawal",F13.239,"1. Dependent personality disorder
2. Benzodiazepine use disorder"
GPT-5.2,run2,178,5,Unspecified Anxiety Disorder,F41.9,"1. Dependent personality disorder
2. Benzodiazepine use disorder"
GPT-5.2,run1,181,1,Fetishistic disorder,F65.0,Fetishistic disorder
GPT-5.2,run1,181,2,Adjustment disorder with anxiety,F43.22,Fetishistic disorder
GPT-5.2,run1,181,3,Transvestic disorder,F65.1,Fetishistic disorder
GPT-5.2,run1,181,4,Generalized anxiety disorder,F41.1,Fetishistic disorder
GPT-5.2,run1,181,5,Obsessive-compulsive disorder,F42,Fetishistic disorder
GPT-5.2,run2,181,1,Transvestic Disorder,F65.1,Fetishistic disorder
GPT-5.2,run2,181,2,Adjustment Disorder With Anxiety,F43.22,Fetishistic disorder
GPT-5.2,run2,181,3,Fetishistic Disorder,F65.0,Fetishistic disorder
GPT-5.2,run2,181,4,Generalized Anxiety Disorder,F41.1,Fetishistic disorder
GPT-5.2,run2,181,5,Unspecified Paraphilic Disorder,F65.9,Fetishistic disorder
GPT-5.2,run1,1003,1,"Bipolar I disorder, current episode manic, severe, with psychotic features",F31.2,"Bipolar disorder, current episode manic (F31.2)"
GPT-5.2,run1,1003,2,"Schizoaffective disorder, bipolar type",F25.0,"Bipolar disorder, current episode manic (F31.2)"
GPT-5.2,run1,1003,3,"Attention-deficit/hyperactivity disorder, combined presentation",F90.2,"Bipolar disorder, current episode manic (F31.2)"
GPT-5.2,run1,1003,4,"Conduct disorder, adolescent-onset type",F91.2,"Bipolar disorder, current episode manic (F31.2)"
GPT-5.2,run1,1003,5,Oppositional defiant disorder,F91.3,"Bipolar disorder, current episode manic (F31.2)"
GPT-5.2,run2,1003,1,"Bipolar I disorder, current episode manic, severe, without psychotic features",F31.13,"Bipolar disorder, current episode manic (F31.2)"
GPT-5.2,run2,1003,2,Disruptive mood dysregulation disorder,F34.81,"Bipolar disorder, current episode manic (F31.2)"
GPT-5.2,run2,1003,3,Oppositional defiant disorder,F91.3,"Bipolar disorder, current episode manic (F31.2)"
GPT-5.2,run2,1003,4,"Attention-deficit/hyperactivity disorder, combined presentation",F90.2,"Bipolar disorder, current episode manic (F31.2)"
GPT-5.2,run2,1003,5,Intermittent explosive disorder,F63.81,"Bipolar disorder, current episode manic (F31.2)"
GPT-5.2,run1,1009,1,"Anorexia nervosa, binge-eating/purging type",F50.02,"Anorexia nervosa, restrictive type (F50.01)"
GPT-5.2,run1,1009,2,Other specified feeding or eating disorder,F50.89,"Anorexia nervosa, restrictive type (F50.01)"
GPT-5.2,run1,1009,3,Bulimia nervosa,F50.2,"Anorexia nervosa, restrictive type (F50.01)"
GPT-5.2,run1,1009,4,Avoidant/Restrictive Food Intake Disorder,F50.82,"Anorexia nervosa, restrictive type (F50.01)"
GPT-5.2,run1,1009,5,Unspecified feeding or eating disorder,F50.9,"Anorexia nervosa, restrictive type (F50.01)"
GPT-5.2,run2,1009,1,"Anorexia nervosa, binge-eating/purging type",F50.02,"Anorexia nervosa, restrictive type (F50.01)"
GPT-5.2,run2,1009,2,"Anorexia nervosa, restricting type",F50.01,"Anorexia nervosa, restrictive type (F50.01)"
GPT-5.2,run2,1009,3,Other specified feeding or eating disorder,F50.89,"Anorexia nervosa, restrictive type (F50.01)"
GPT-5.2,run2,1009,4,Other specified feeding or eating disorder,F50.89,"Anorexia nervosa, restrictive type (F50.01)"
GPT-5.2,run2,1009,5,Unspecified feeding or eating disorder,F50.9,"Anorexia nervosa, restrictive type (F50.01)"
GPT-5.2,run1,1012,1,Autism spectrum disorder,F84.0,Autistic Disorder (F 84.0); Tourette Syndrome (F95.2)
GPT-5.2,run1,1012,2,Tourette’s disorder,F95.2,Autistic Disorder (F 84.0); Tourette Syndrome (F95.2)
GPT-5.2,run1,1012,3,"Stereotypic movement disorder, with self-injurious behavior",F98.4,Autistic Disorder (F 84.0); Tourette Syndrome (F95.2)
GPT-5.2,run1,1012,4,Unspecified anxiety disorder,F41.9,Autistic Disorder (F 84.0); Tourette Syndrome (F95.2)
GPT-5.2,run1,1012,5,Language disorder,F80.9,Autistic Disorder (F 84.0); Tourette Syndrome (F95.2)
GPT-5.2,run2,1012,1,Autism spectrum disorder,F84.0,Autistic Disorder (F 84.0); Tourette Syndrome (F95.2)
GPT-5.2,run2,1012,2,Tourette’s disorder,F95.2,Autistic Disorder (F 84.0); Tourette Syndrome (F95.2)
GPT-5.2,run2,1012,3,"Stereotypic movement disorder, with self-injury",F98.4,Autistic Disorder (F 84.0); Tourette Syndrome (F95.2)
GPT-5.2,run2,1012,4,Language disorder,F80.2,Autistic Disorder (F 84.0); Tourette Syndrome (F95.2)
GPT-5.2,run2,1012,5,Unspecified anxiety disorder,F41.9,Autistic Disorder (F 84.0); Tourette Syndrome (F95.2)
GPT-5.2,run1,1013,1,Global developmental delay,F88,Cri-du-chat Syndrome (Q93.4) vs Unspecified neurodevelopmental disorder (F89.0)
GPT-5.2,run1,1013,2,Unspecified intellectual disability,F79,Cri-du-chat Syndrome (Q93.4) vs Unspecified neurodevelopmental disorder (F89.0)
GPT-5.2,run1,1013,3,Unspecified feeding or eating disorder,F50.9,Cri-du-chat Syndrome (Q93.4) vs Unspecified neurodevelopmental disorder (F89.0)
GPT-5.2,run1,1013,4,Language disorder,F80.9,Cri-du-chat Syndrome (Q93.4) vs Unspecified neurodevelopmental disorder (F89.0)
GPT-5.2,run1,1013,5,Unspecified neurodevelopmental disorder,F89,Cri-du-chat Syndrome (Q93.4) vs Unspecified neurodevelopmental disorder (F89.0)
GPT-5.2,run2,1013,1,Global developmental delay,F88,Cri-du-chat Syndrome (Q93.4) vs Unspecified neurodevelopmental disorder (F89.0)
GPT-5.2,run2,1013,2,Avoidant/Restrictive Food Intake Disorder,F50.82,Cri-du-chat Syndrome (Q93.4) vs Unspecified neurodevelopmental disorder (F89.0)
GPT-5.2,run2,1013,3,Unspecified intellectual disability,F79,Cri-du-chat Syndrome (Q93.4) vs Unspecified neurodevelopmental disorder (F89.0)
GPT-5.2,run2,1013,4,Other specified motor disorder,F82,Cri-du-chat Syndrome (Q93.4) vs Unspecified neurodevelopmental disorder (F89.0)
GPT-5.2,run2,1013,5,Autism spectrum disorder,F84.0,Cri-du-chat Syndrome (Q93.4) vs Unspecified neurodevelopmental disorder (F89.0)
GPT-5.2,run1,1020,1,Obsessive-Compulsive Disorder,F42.2,"Obsessive-Compulsive Disorder (F42.2); Major Depressive Disorder (moderate, recurrent) (F33.1); Social Anxiety Disorder (F40.10); Excoriation Disorder (F42.4); Other Specified Eating Disorder: bulimia nervosa (of low frequency and limited duration) (F50.89)"
GPT-5.2,run1,1020,2,"Major Depressive Disorder, recurrent, severe without psychotic features",F33.2,"Obsessive-Compulsive Disorder (F42.2); Major Depressive Disorder (moderate, recurrent) (F33.1); Social Anxiety Disorder (F40.10); Excoriation Disorder (F42.4); Other Specified Eating Disorder: bulimia nervosa (of low frequency and limited duration) (F50.89)"
GPT-5.2,run1,1020,3,Social Anxiety Disorder,F40.10,"Obsessive-Compulsive Disorder (F42.2); Major Depressive Disorder (moderate, recurrent) (F33.1); Social Anxiety Disorder (F40.10); Excoriation Disorder (F42.4); Other Specified Eating Disorder: bulimia nervosa (of low frequency and limited duration) (F50.89)"
GPT-5.2,run1,1020,4,Excoriation  Disorder,F42.4,"Obsessive-Compulsive Disorder (F42.2); Major Depressive Disorder (moderate, recurrent) (F33.1); Social Anxiety Disorder (F40.10); Excoriation Disorder (F42.4); Other Specified Eating Disorder: bulimia nervosa (of low frequency and limited duration) (F50.89)"
GPT-5.2,run1,1020,5,"Attention-Deficit/Hyperactivity Disorder, unspecified type",F90.9,"Obsessive-Compulsive Disorder (F42.2); Major Depressive Disorder (moderate, recurrent) (F33.1); Social Anxiety Disorder (F40.10); Excoriation Disorder (F42.4); Other Specified Eating Disorder: bulimia nervosa (of low frequency and limited duration) (F50.89)"
GPT-5.2,run2,1020,1,Obsessive-compulsive disorder,F42.2,"Obsessive-Compulsive Disorder (F42.2); Major Depressive Disorder (moderate, recurrent) (F33.1); Social Anxiety Disorder (F40.10); Excoriation Disorder (F42.4); Other Specified Eating Disorder: bulimia nervosa (of low frequency and limited duration) (F50.89)"
GPT-5.2,run2,1020,2,"Major depressive disorder, recurrent, moderate",F33.1,"Obsessive-Compulsive Disorder (F42.2); Major Depressive Disorder (moderate, recurrent) (F33.1); Social Anxiety Disorder (F40.10); Excoriation Disorder (F42.4); Other Specified Eating Disorder: bulimia nervosa (of low frequency and limited duration) (F50.89)"
GPT-5.2,run2,1020,3,Social anxiety disorder,F40.10,"Obsessive-Compulsive Disorder (F42.2); Major Depressive Disorder (moderate, recurrent) (F33.1); Social Anxiety Disorder (F40.10); Excoriation Disorder (F42.4); Other Specified Eating Disorder: bulimia nervosa (of low frequency and limited duration) (F50.89)"
GPT-5.2,run2,1020,4,Excoriation  disorder,F42.4,"Obsessive-Compulsive Disorder (F42.2); Major Depressive Disorder (moderate, recurrent) (F33.1); Social Anxiety Disorder (F40.10); Excoriation Disorder (F42.4); Other Specified Eating Disorder: bulimia nervosa (of low frequency and limited duration) (F50.89)"
GPT-5.2,run2,1020,5,Other specified feeding or eating disorder,F50.89,"Obsessive-Compulsive Disorder (F42.2); Major Depressive Disorder (moderate, recurrent) (F33.1); Social Anxiety Disorder (F40.10); Excoriation Disorder (F42.4); Other Specified Eating Disorder: bulimia nervosa (of low frequency and limited duration) (F50.89)"
GPT-5.2,run1,1021,1,Obsessive-compulsive disorder,F42,"Obsessive-compulsive disorder (F42.2); Anorexia nervosa, restricting type, in partial remission (F50.014); Major depressive disorder, recurrent, in partial remission (F33.41)"
GPT-5.2,run1,1021,2,"Anorexia nervosa, restricting type, in partial remission",F50.01,"Obsessive-compulsive disorder (F42.2); Anorexia nervosa, restricting type, in partial remission (F50.014); Major depressive disorder, recurrent, in partial remission (F33.41)"
GPT-5.2,run1,1021,3,Other specified depressive disorder,F32.8,"Obsessive-compulsive disorder (F42.2); Anorexia nervosa, restricting type, in partial remission (F50.014); Major depressive disorder, recurrent, in partial remission (F33.41)"
GPT-5.2,run1,1021,4,Trichotillomania,F63.3,"Obsessive-compulsive disorder (F42.2); Anorexia nervosa, restricting type, in partial remission (F50.014); Major depressive disorder, recurrent, in partial remission (F33.41)"
GPT-5.2,run1,1021,5,Obsessive-compulsive personality disorder,F60.5,"Obsessive-compulsive disorder (F42.2); Anorexia nervosa, restricting type, in partial remission (F50.014); Major depressive disorder, recurrent, in partial remission (F33.41)"
GPT-5.2,run2,1021,1,Obsessive-compulsive disorder,F42,"Obsessive-compulsive disorder (F42.2); Anorexia nervosa, restricting type, in partial remission (F50.014); Major depressive disorder, recurrent, in partial remission (F33.41)"
GPT-5.2,run2,1021,2,"Anorexia nervosa, restricting type",F50.01,"Obsessive-compulsive disorder (F42.2); Anorexia nervosa, restricting type, in partial remission (F50.014); Major depressive disorder, recurrent, in partial remission (F33.41)"
GPT-5.2,run2,1021,3,"Major depressive disorder, single episode",F32.4,"Obsessive-compulsive disorder (F42.2); Anorexia nervosa, restricting type, in partial remission (F50.014); Major depressive disorder, recurrent, in partial remission (F33.41)"
GPT-5.2,run2,1021,4,Unspecified anxiety disorder,F41.9,"Obsessive-compulsive disorder (F42.2); Anorexia nervosa, restricting type, in partial remission (F50.014); Major depressive disorder, recurrent, in partial remission (F33.41)"
GPT-5.2,run2,1021,5,Obsessive-compulsive personality disorder,F60.5,"Obsessive-compulsive disorder (F42.2); Anorexia nervosa, restricting type, in partial remission (F50.014); Major depressive disorder, recurrent, in partial remission (F33.41)"
GPT-5.2,run1,1032,1,Disruptive mood dysregulation disorder,F34.81,Disruptive mood dysregulation disorder (F34.81)
GPT-5.2,run1,1032,2,Oppositional defiant disorder,F91.3,Disruptive mood dysregulation disorder (F34.81)
GPT-5.2,run1,1032,3,Intermittent explosive disorder,F63.81,Disruptive mood dysregulation disorder (F34.81)
GPT-5.2,run1,1032,4,"Conduct disorder, childhood-onset type",F91.1,Disruptive mood dysregulation disorder (F34.81)
GPT-5.2,run1,1032,5,"Attention-deficit/hyperactivity disorder, combined presentation",F90.2,Disruptive mood dysregulation disorder (F34.81)
GPT-5.2,run2,1032,1,Disruptive Mood Dysregulation Disorder,F34.81,Disruptive mood dysregulation disorder (F34.81)
GPT-5.2,run2,1032,2,Oppositional Defiant Disorder,F91.3,Disruptive mood dysregulation disorder (F34.81)
GPT-5.2,run2,1032,3,Intermittent Explosive Disorder,F63.81,Disruptive mood dysregulation disorder (F34.81)
GPT-5.2,run2,1032,4,"Conduct Disorder, childhood-onset type",F91.1,Disruptive mood dysregulation disorder (F34.81)
GPT-5.2,run2,1032,5,"Attention-Deficit/Hyperactivity Disorder, predominantly hyperactive/impulsive presentation",F90.1,Disruptive mood dysregulation disorder (F34.81)
GPT-5.2,run1,1033,1,Oppositional defiant disorder,F91.3,Oppositional defiant disorder (F91.3)
GPT-5.2,run1,1033,2,"Conduct disorder, adolescent-onset type",F91.2,Oppositional defiant disorder (F91.3)
GPT-5.2,run1,1033,3,"Attention-deficit/hyperactivity disorder, combined presentation",F90.2,Oppositional defiant disorder (F91.3)
GPT-5.2,run1,1033,4,Disruptive mood dysregulation disorder,F34.81,Oppositional defiant disorder (F91.3)
GPT-5.2,run1,1033,5,Intermittent explosive disorder,F63.81,Oppositional defiant disorder (F91.3)
GPT-5.2,run2,1033,1,Oppositional Defiant Disorder,F91.3,Oppositional defiant disorder (F91.3)
GPT-5.2,run2,1033,2,"Attention-Deficit/Hyperactivity Disorder, Unspecified Type",F90.9,Oppositional defiant disorder (F91.3)
GPT-5.2,run2,1033,3,Disruptive Mood Dysregulation Disorder,F34.81,Oppositional defiant disorder (F91.3)
GPT-5.2,run2,1033,4,"Conduct Disorder, Unspecified Onset",F91.9,Oppositional defiant disorder (F91.3)
GPT-5.2,run2,1033,5,Adjustment Disorder With Disturbance of Conduct,F43.24,Oppositional defiant disorder (F91.3)
GPT-5.2,run1,1047,1,"Substance/Medication-Induced Psychotic Disorder , with delusions",F19.950,"F19.150 other psychoactive substance abuse with psychoactive substance induced psychotic disorder with delusions, F15.10 Other stimulant abuse, F12.1 Cannabis abuse"
GPT-5.2,run1,1047,2,Stimulant  Use Disorder,F15.20,"F19.150 other psychoactive substance abuse with psychoactive substance induced psychotic disorder with delusions, F15.10 Other stimulant abuse, F12.1 Cannabis abuse"
GPT-5.2,run1,1047,3,Cannabis Use Disorder,F12.20,"F19.150 other psychoactive substance abuse with psychoactive substance induced psychotic disorder with delusions, F15.10 Other stimulant abuse, F12.1 Cannabis abuse"
GPT-5.2,run1,1047,4,Hallucinogen  Use Disorder,F16.20,"F19.150 other psychoactive substance abuse with psychoactive substance induced psychotic disorder with delusions, F15.10 Other stimulant abuse, F12.1 Cannabis abuse"
GPT-5.2,run1,1047,5,Unspecified Schizophrenia Spectrum and Other Psychotic Disorder,F29,"F19.150 other psychoactive substance abuse with psychoactive substance induced psychotic disorder with delusions, F15.10 Other stimulant abuse, F12.1 Cannabis abuse"
GPT-5.2,run2,1047,1,"Substance/Medication-Induced Psychotic Disorder , with delusions",F19.959,"F19.150 other psychoactive substance abuse with psychoactive substance induced psychotic disorder with delusions, F15.10 Other stimulant abuse, F12.1 Cannabis abuse"
GPT-5.2,run2,1047,2,Other Stimulant  Use Disorder,F15.20,"F19.150 other psychoactive substance abuse with psychoactive substance induced psychotic disorder with delusions, F15.10 Other stimulant abuse, F12.1 Cannabis abuse"
GPT-5.2,run2,1047,3,Cannabis Use Disorder,F12.20,"F19.150 other psychoactive substance abuse with psychoactive substance induced psychotic disorder with delusions, F15.10 Other stimulant abuse, F12.1 Cannabis abuse"
GPT-5.2,run2,1047,4,Phencyclidine  Use Disorder,F16.20,"F19.150 other psychoactive substance abuse with psychoactive substance induced psychotic disorder with delusions, F15.10 Other stimulant abuse, F12.1 Cannabis abuse"
GPT-5.2,run2,1047,5,Unspecified Schizophrenia Spectrum and Other Psychotic Disorder,F29,"F19.150 other psychoactive substance abuse with psychoactive substance induced psychotic disorder with delusions, F15.10 Other stimulant abuse, F12.1 Cannabis abuse"
GPT-5.2,run1,1049,1,"Major depressive disorder, recurrent episode, severe, with catatonic features",F33.2,Cataonia associated with another mental disorder (F06.1)
GPT-5.2,run1,1049,2,Catatonia associated with another mental disorder,F06.1,Cataonia associated with another mental disorder (F06.1)
GPT-5.2,run1,1049,3,Schizophrenia,F20.9,Cataonia associated with another mental disorder (F06.1)
GPT-5.2,run1,1049,4,"Bipolar I disorder, current episode depressed, severe",F31.4,Cataonia associated with another mental disorder (F06.1)
GPT-5.2,run1,1049,5,"Schizoaffective disorder, depressive type",F25.1,Cataonia associated with another mental disorder (F06.1)
GPT-5.2,run2,1049,1,"Major depressive disorder, recurrent episode, severe, with catatonic features",F33.2,Cataonia associated with another mental disorder (F06.1)
GPT-5.2,run2,1049,2,Catatonia associated with another mental disorder,F06.1,Cataonia associated with another mental disorder (F06.1)
GPT-5.2,run2,1049,3,Schizophrenia,F20.9,Cataonia associated with another mental disorder (F06.1)
GPT-5.2,run2,1049,4,"Bipolar I disorder, current episode depressed, severe",F31.4,Cataonia associated with another mental disorder (F06.1)
GPT-5.2,run2,1049,5,"Schizoaffective disorder, depressive type",F25.1,Cataonia associated with another mental disorder (F06.1)
GPT-5.2,run1,1056,1,Disruptive mood dysregulation disorder,F34.81,Disruptive Mood Dysregulation Disorder (DMDD) (F34.81)
GPT-5.2,run1,1056,2,Oppositional defiant disorder,F91.3,Disruptive Mood Dysregulation Disorder (DMDD) (F34.81)
GPT-5.2,run1,1056,3,"Conduct disorder, adolescent-onset type",F91.2,Disruptive Mood Dysregulation Disorder (DMDD) (F34.81)
GPT-5.2,run1,1056,4,Specific learning disorder,F81.9,Disruptive Mood Dysregulation Disorder (DMDD) (F34.81)
GPT-5.2,run1,1056,5,"Attention-deficit/hyperactivity disorder, unspecified presentation",F90.9,Disruptive Mood Dysregulation Disorder (DMDD) (F34.81)
GPT-5.2,run2,1056,1,Disruptive mood dysregulation disorder,F34.81,Disruptive Mood Dysregulation Disorder (DMDD) (F34.81)
GPT-5.2,run2,1056,2,Oppositional defiant disorder,F91.3,Disruptive Mood Dysregulation Disorder (DMDD) (F34.81)
GPT-5.2,run2,1056,3,Conduct disorder,F91.9,Disruptive Mood Dysregulation Disorder (DMDD) (F34.81)
GPT-5.2,run2,1056,4,"Attention-deficit/hyperactivity disorder, unspecified presentation",F90.9,Disruptive Mood Dysregulation Disorder (DMDD) (F34.81)
GPT-5.2,run2,1056,5,"Specific learning disorder, unspecified",F81.9,Disruptive Mood Dysregulation Disorder (DMDD) (F34.81)
