Metric,Score
Top-1 Accuracy,0.5663265306122449
Top-5 Hit Rate,0.7295918367346939
Recall@5,0.6618197278911565
MRR,0.6300170068027211
