Metric,Score
Top-1 Accuracy,0.7333333333333333
Top-5 Accuracy,0.8666666666666667
Recall@5,0.7755555555555556
MRR,0.8
