Metric,Score
Top-1 Accuracy,0.7
Top-5 Hit Rate,0.7666666666666667
Recall@5,0.6855555555555556
MRR,0.7277777777777777
