Metric,Score
Top-1 Accuracy,0.6166666666666667
Top-5 Accuracy,0.7666666666666667
Recall@5,0.6563888888888889
MRR,0.6833333333333335
