Metric,Score
Top-1 Accuracy,0.5333333333333333
Top-5 Hit Rate,0.7666666666666667
Recall@5,0.6272222222222222
MRR,0.638888888888889
