Metric,Score
Top-1 Accuracy,0.6071428571428571
Top-5 Hit Rate,0.7346938775510204
Recall@5,0.6844387755102039
Mean Reciprocal Rank,0.6647108843537416
