Metric,Score
Top-1 Accuracy,0.5663265306122449
Top-5 Accuracy,0.7704081632653061
Recall@5,0.6909013605442178
Mean Reciprocal Rank,0.6566326530612244
