model_name,n,boilerplate_rate,coherence_issue_rate,safety_concern_rate,flex_issue_rate
Anthropic Claude Opus 4.5,150,0.41333333333333333,0.2733333333333333,0.0,0.013333333333333334
DeepSeek-V3.2,150,0.2733333333333333,0.36666666666666664,0.0,0.05333333333333334
Google Gemini 3 Pro,150,0.24,0.3933333333333333,0.02,0.14
OpenAI GPT-5.2,150,0.3466666666666667,0.46,0.0,0.18
