model_name,n,boilerplate_rate,boilerplate_n,boilerplate_percent,coherence_issue_rate,coherence_issue_n,coherence_issue_percent,safety_concern_rate,safety_concern_n,safety_concern_percent,flex_issue_rate,flex_issue_n,flex_issue_percent
Anthropic Claude Opus 4.5,150,0.41333333333333333,62,41.333333333333336,0.2733333333333333,41,27.333333333333332,0.0,0,0.0,0.013333333333333334,2,1.3333333333333335
DeepSeek-V3.2,150,0.2733333333333333,41,27.333333333333332,0.36666666666666664,55,36.666666666666664,0.0,0,0.0,0.05333333333333334,8,5.333333333333334
Google Gemini 3 Pro,150,0.24,36,24.0,0.3933333333333333,59,39.33333333333333,0.02,3,2.0,0.14,21,14.000000000000002
OpenAI GPT-5.2,150,0.3466666666666667,52,34.66666666666667,0.46,69,46.0,0.0,0,0.0,0.18,27,18.0
