theme_name,Anthropic Claude Opus 4.5,DeepSeek-V3.2,Google Gemini 3 Pro,OpenAI GPT-5.2
Coherent and well-reasoned,0.5961538461538461,0.23529411764705882,0.06493506493506493,0.04225352112676056
Failed to rank diagnoses appropriately,0.11538461538461539,0.029411764705882353,0.03896103896103896,0.04225352112676056
Largely coherent reasoning with minor issues,0.038461538461538464,0.08823529411764706,0.14285714285714285,0.028169014084507043
Questionable differential diagnoses,0.23076923076923078,0.5441176470588235,0.7272727272727273,0.7464788732394366
Sparse reasoning or missing explanations,0.019230769230769232,0.10294117647058823,0.025974025974025976,0.14084507042253522
