Metric,Score
Top-1 Accuracy,0.5409836065573771
Top-5 Accuracy,0.7540983606557377
Recall@5,0.6306010928961748
Mean Reciprocal Rank,0.6248633879781421
