Metric,Score
Top-1 Accuracy,0.6065573770491803
Top-5 Accuracy,0.819672131147541
Recall@5,0.7030054644808743
Mean Reciprocal Rank,0.7049180327868853
