Metric,Score
Top-1 Accuracy,0.5925925925925926
Top-5 Accuracy,0.762962962962963
Recall@5,0.6962962962962963
Mean Reciprocal Rank,0.6648148148148149
