Metric,Score
Top-1 Accuracy,0.6444444444444445
Top-5 Accuracy,0.762962962962963
Recall@5,0.7234567901234568
Mean Reciprocal Rank,0.6990123456790123
