Metric,Score
Top-1 Accuracy,0.6148148148148148
Top-5 Accuracy,0.7111111111111111
Recall@5,0.6481481481481481
Mean Reciprocal Rank,0.6527160493827161
